t;foot_right;;;foot_left;;;hand_right;;;hand_left;;;
t;x;y;z;x;y;z;x;y;z;x;y;z;
-17,0,0,0,0,0,0,0,0,0,0,0,0
-25,0,0,0,0,0,0,0,0,0,0,0,0
-652,0,0,0,0,0,0,0,0,0,0,0,0
-683,0,0,0,0,0,0,0,0,0,0,0,0
-701,0,0,0,0,0,0,0,0,0,0,0,0
-711,0,0,0,0,0,0,0,0,0,0,0,0
-725,0,0,0,0,0,0,0,0,0,0,0,0
-738,0,0,0,0,0,0,0,0,0,0,0,0
-749,0,0,0,0,0,0,0,0,0,0,0,0
-764,0,0,0,0,0,0,0,0,0,0,0,0
-776,0,0,0,0,0,0,0,0,0,0,0,0
-788,0,0,0,0,0,0,0,0,0,0,0,0
-802,0,0,0,0,0,0,0,0,0,0,0,0
-815,0,0,0,0,0,0,0,0,0,0,0,0
-829,0,0,0,0,0,0,0,0,0,0,0,0
-842,0,0,0,0,0,0,0,0,0,0,0,0
-857,0,0,0,0,0,0,0,0,0,0,0,0
-869,0,0,0,0,0,0,0,0,0,0,0,0
-882,0,0,0,0,0,0,0,0,0,0,0,0
-897,0,0,0,0,0,0,0,0,0,0,0,0
-916,0,0,0,0,0,0,0,0,0,0,0,0
-928,0,0,0,0,0,0,0,0,0,0,0,0
-942,0,0,0,0,0,0,0,0,0,0,0,0
-955,0,0,0,0,0,0,0,0,0,0,0,0
-970,0,0,0,0,0,0,0,0,0,0,0,0
-984,0,0,0,0,0,0,0,0,0,0,0,0
-997,0,0,0,0,0,0,0,0,0,0,0,0
-9,0,0,0,0,0,0,0,0,0,0,0,0
-21,0,0,0,0,0,0,0,0,0,0,0,0
-33,0,0,0,0,0,0,0,0,0,0,0,0
-46,0,0,0,0,0,0,0,0,0,0,0,0
-59,0,0,0,0,0,0,0,0,0,0,0,0
-71,0,0,0,0,0,0,0,0,0,0,0,0
-82,0,0,0,0,0,0,0,0,0,0,0,0
-93,0,0,0,0,0,0,0,0,0,0,0,0
-104,0,0,0,0,0,0,0,0,0,0,0,0
-116,0,0,0,0,0,0,0,0,0,0,0,0
-128,0,0,0,0,0,0,0,0,0,0,0,0
-140,0,0,0,0,0,0,0,0,0,0,0,0
-151,0,0,0,0,0,0,0,0,0,0,0,0
-163,0,0,0,0,0,0,0,0,0,0,0,0
-175,0,0,0,0,0,0,0,0,0,0,0,0
-187,0,0,0,0,0,0,0,0,0,0,0,0
-198,0,0,0,0,0,0,0,0,0,0,0,0
-209,0,0,0,0,0,0,0,0,0,0,0,0
-221,0,0,0,0,0,0,0,0,0,0,0,0
-233,0,0,0,0,0,0,0,0,0,0,0,0
-244,0,0,0,0,0,0,0,0,0,0,0,0
-257,0,0,0,0,0,0,0,0,0,0,0,0
-271,0,0,0,0,0,0,0,0,0,0,0,0
-282,0,0,0,0,0,0,0,0,0,0,0,0
-301,0,0,0,0,0,0,0,0,0,0,0,0
-317,0,0,0,0,0,0,0,0,0,0,0,0
-331,0,0,0,0,0,0,0,0,0,0,0,0
-347,0,0,0,0,0,0,0,0,0,0,0,0
-362,0,0,0,0,0,0,0,0,0,0,0,0
-373,0,0,0,0,0,0,0,0,0,0,0,0
-385,0,0,0,0,0,0,0,0,0,0,0,0
-397,0,0,0,0,0,0,0,0,0,0,0,0
-407,0,0,0,0,0,0,0,0,0,0,0,0
-418,0,0,0,0,0,0,0,0,0,0,0,0
-432,0,0,0,0,0,0,0,0,0,0,0,0
-446,0,0,0,0,0,0,0,0,0,0,0,0
-461,0,0,0,0,0,0,0,0,0,0,0,0
-478,0,0,0,0,0,0,0,0,0,0,0,0
-491,0,0,0,0,0,0,0,0,0,0,0,0
-504,0,0,0,0,0,0,0,0,0,0,0,0
-516,0,0,0,0,0,0,0,0,0,0,0,0
-536,0,0,0,0,0,0,0,0,0,0,0,0
-547,0,0,0,0,0,0,0,0,0,0,0,0
-562,0,0,0,0,0,0,0,0,0,0,0,0
-578,0,0,0,0,0,0,0,0,0,0,0,0
-595,0,0,0,0,0,0,0,0,0,0,0,0
-611,0,0,0,0,0,0,0,0,0,0,0,0
-622,0,0,0,0,0,0,0,0,0,0,0,0
-642,0,0,0,0,0,0,0,0,0,0,0,0
-659,0,0,0,0,0,0,0,0,0,0,0,0
-675,0,0,0,0,0,0,0,0,0,0,0,0
-690,0,0,0,0,0,0,0,0,0,0,0,0
-704,0,0,0,0,0,0,0,0,0,0,0,0
-718,0,0,0,0,0,0,0,0,0,0,0,0
-732,0,0,0,0,0,0,0,0,0,0,0,0
-744,0,0,0,0,0,0,0,0,0,0,0,0
-756,0,0,0,0,0,0,0,0,0,0,0,0
-768,0,0,0,0,0,0,0,0,0,0,0,0
-780,0,0,0,0,0,0,0,0,0,0,0,0
-795,0,0,0,0,0,0,0,0,0,0,0,0
-808,0,0,0,0,0,0,0,0,0,0,0,0
-821,0,0,0,0,0,0,0,0,0,0,0,0
-833,0,0,0,0,0,0,0,0,0,0,0,0
-844,0,0,0,0,0,0,0,0,0,0,0,0
-861,0,0,0,0,0,0,0,0,0,0,0,0
-872,0,0,0,0,0,0,0,0,0,0,0,0
-884,0,0,0,0,0,0,0,0,0,0,0,0
-898,0,0,0,0,0,0,0,0,0,0,0,0
-910,0,0,0,0,0,0,0,0,0,0,0,0
-923,0,0,0,0,0,0,0,0,0,0,0,0
-944,0,0,0,0,0,0,0,0,0,0,0,0
-960,0,0,0,0,0,0,0,0,0,0,0,0
-973,0,0,0,0,0,0,0,0,0,0,0,0
-987,0,0,0,0,0,0,0,0,0,0,0,0
0,0,0,0,0,0,0,0,0,0,0,0,0
-13,0,0,0,0,0,0,0,0,0,0,0,0
-24,0,0,0,0,0,0,0,0,0,0,0,0
-36,0,0,0,0,0,0,0,0,0,0,0,0
-47,0,0,0,0,0,0,0,0,0,0,0,0
-60,0,0,0,0,0,0,0,0,0,0,0,0
-71,0,0,0,0,0,0,0,0,0,0,0,0
-83,0,0,0,0,0,0,0,0,0,0,0,0
-97,0,0,0,0,0,0,0,0,0,0,0,0
-107,0,0,0,0,0,0,0,0,0,0,0,0
-118,0,0,0,0,0,0,0,0,0,0,0,0
-132,0,0,0,0,0,0,0,0,0,0,0,0
-144,0,0,0,0,0,0,0,0,0,0,0,0
-156,0,0,0,0,0,0,0,0,0,0,0,0
-169,0,0,0,0,0,0,0,0,0,0,0,0
-182,0,0,0,0,0,0,0,0,0,0,0,0
-194,0,0,0,0,0,0,0,0,0,0,0,0
-205,0,0,0,0,0,0,0,0,0,0,0,0
-217,0,0,0,0,0,0,0,0,0,0,0,0
-231,0,0,0,0,0,0,0,0,0,0,0,0
-246,0,0,0,0,0,0,0,0,0,0,0,0
-262,0,0,0,0,0,0,0,0,0,0,0,0
-275,0,0,0,0,0,0,0,0,0,0,0,0
-290,0,0,0,0,0,0,0,0,0,0,0,0
-303,0,0,0,0,0,0,0,0,0,0,0,0
-316,0,0,0,0,0,0,0,0,0,0,0,0
-329,0,0,0,0,0,0,0,0,0,0,0,0
-345,0,0,0,0,0,0,0,0,0,0,0,0
-364,0,0,0,0,0,0,0,0,0,0,0,0
-380,0,0,0,0,0,0,0,0,0,0,0,0
-396,0,0,0,0,0,0,0,0,0,0,0,0
-411,0,0,0,0,0,0,0,0,0,0,0,0
-425,0,0,0,0,0,0,0,0,0,0,0,0
-444,0,0,0,0,0,0,0,0,0,0,0,0
-461,0,0,0,0,0,0,0,0,0,0,0,0
-474,0,0,0,0,0,0,0,0,0,0,0,0
-484,0,0,0,0,0,0,0,0,0,0,0,0
-501,0,0,0,0,0,0,0,0,0,0,0,0
-517,0,0,0,0,0,0,0,0,0,0,0,0
-531,0,0,0,0,0,0,0,0,0,0,0,0
-549,0,0,0,0,0,0,0,0,0,0,0,0
-565,0,0,0,0,0,0,0,0,0,0,0,0
-581,0,0,0,0,0,0,0,0,0,0,0,0
-598,0,0,0,0,0,0,0,0,0,0,0,0
-614,0,0,0,0,0,0,0,0,0,0,0,0
-628,0,0,0,0,0,0,0,0,0,0,0,0
-645,0,0,0,0,0,0,0,0,0,0,0,0
-658,0,0,0,0,0,0,0,0,0,0,0,0
-669,0,0,0,0,0,0,0,0,0,0,0,0
-680,0,0,0,0,0,0,0,0,0,0,0,0
-692,0,0,0,0,0,0,0,0,0,0,0,0
-703,0,0,0,0,0,0,0,0,0,0,0,0
-715,0,0,0,0,0,0,0,0,0,0,0,0
-728,0,0,0,0,0,0,0,0,0,0,0,0
-740,0,0,0,0,0,0,0,0,0,0,0,0
-751,0,0,0,0,0,0,0,0,0,0,0,0
-765,0,0,0,0,0,0,0,0,0,0,0,0
-781,0,0,0,0,0,0,0,0,0,0,0,0
-797,0,0,0,0,0,0,0,0,0,0,0,0
-810,0,0,0,0,0,0,0,0,0,0,0,0
-821,0,0,0,0,0,0,0,0,0,0,0,0
-833,0,0,0,0,0,0,0,0,0,0,0,0
-843,0,0,0,0,0,0,0,0,0,0,0,0
-854,0,0,0,0,0,0,0,0,0,0,0,0
-869,0,0,0,0,0,0,0,0,0,0,0,0
-880,0,0,0,0,0,0,0,0,0,0,0,0
-891,0,0,0,0,0,0,0,0,0,0,0,0
-904,0,0,0,0,0,0,0,0,0,0,0,0
-916,0,0,0,0,0,0,0,0,0,0,0,0
-929,0,0,0,0,0,0,0,0,0,0,0,0
-941,0,0,0,0,0,0,0,0,0,0,0,0
-952,0,0,0,0,0,0,0,0,0,0,0,0
-970,0,0,0,0,0,0,0,0,0,0,0,0
-985,0,0,0,0,0,0,0,0,0,0,0,0
-999,0,0,0,0,0,0,0,0,0,0,0,0
-11,0,0,0,0,0,0,0,0,0,0,0,0
-23,0,0,0,0,0,0,0,0,0,0,0,0
-36,0,0,0,0,0,0,0,0,0,0,0,0
-47,0,0,0,0,0,0,0,0,0,0,0,0
-60,0,0,0,0,0,0,0,0,0,0,0,0
-73,0,0,0,0,0,0,0,0,0,0,0,0
-90,0,0,0,0,0,0,0,0,0,0,0,0
-105,0,0,0,0,0,0,0,0,0,0,0,0
-121,0,0,0,0,0,0,0,0,0,0,0,0
-135,0,0,0,0,0,0,0,0,0,0,0,0
-150,0,0,0,0,0,0,0,0,0,0,0,0
-164,0,0,0,0,0,0,0,0,0,0,0,0
-175,0,0,0,0,0,0,0,0,0,0,0,0
-188,0,0,0,0,0,0,0,0,0,0,0,0
-205,0,0,0,0,0,0,0,0,0,0,0,0
-216,0,0,0,0,0,0,0,0,0,0,0,0
-229,0,0,0,0,0,0,0,0,0,0,0,0
-242,0,0,0,0,0,0,0,0,0,0,0,0
-253,0,0,0,0,0,0,0,0,0,0,0,0
-266,0,0,0,0,0,0,0,0,0,0,0,0
-278,0,0,0,0,0,0,0,0,0,0,0,0
-294,0,0,0,0,0,0,0,0,0,0,0,0
-307,0,0,0,0,0,0,0,0,0,0,0,0
-320,0,0,0,0,0,0,0,0,0,0,0,0
-333,0,0,0,0,0,0,0,0,0,0,0,0
-347,0,0,0,0,0,0,0,0,0,0,0,0
-360,0,0,0,0,0,0,0,0,0,0,0,0
-372,0,0,0,0,0,0,0,0,0,0,0,0
-385,0,0,0,0,0,0,0,0,0,0,0,0
-399,0,0,0,0,0,0,0,0,0,0,0,0
-409,0,0,0,0,0,0,0,0,0,0,0,0
-421,0,0,0,0,0,0,0,0,0,0,0,0
-434,0,0,0,0,0,0,0,0,0,0,0,0
-445,0,0,0,0,0,0,0,0,0,0,0,0
-456,0,0,0,0,0,0,0,0,0,0,0,0
-470,0,0,0,0,0,0,0,0,0,0,0,0
-482,0,0,0,0,0,0,0,0,0,0,0,0
-495,0,0,0,0,0,0,0,0,0,0,0,0
-506,0,0,0,0,0,0,0,0,0,0,0,0
-518,0,0,0,0,0,0,0,0,0,0,0,0
-531,0,0,0,0,0,0,0,0,0,0,0,0
-543,0,0,0,0,0,0,0,0,0,0,0,0
-554,0,0,0,0,0,0,0,0,0,0,0,0
-567,0,0,0,0,0,0,0,0,0,0,0,0
-578,0,0,0,0,0,0,0,0,0,0,0,0
-589,0,0,0,0,0,0,0,0,0,0,0,0
-601,0,0,0,0,0,0,0,0,0,0,0,0
-612,0,0,0,0,0,0,0,0,0,0,0,0
-625,0,0,0,0,0,0,0,0,0,0,0,0
-638,0,0,0,0,0,0,0,0,0,0,0,0
-649,0,0,0,0,0,0,0,0,0,0,0,0
-662,0,0,0,0,0,0,0,0,0,0,0,0
-674,0,0,0,0,0,0,0,0,0,0,0,0
-688,0,0,0,0,0,0,0,0,0,0,0,0
-701,0,0,0,0,0,0,0,0,0,0,0,0
-712,0,0,0,0,0,0,0,0,0,0,0,0
-725,0,0,0,0,0,0,0,0,0,0,0,0
-738,0,0,0,0,0,0,0,0,0,0,0,0
-749,0,0,0,0,0,0,0,0,0,0,0,0
-762,0,0,0,0,0,0,0,0,0,0,0,0
-775,0,0,0,0,0,0,0,0,0,0,0,0
-787,0,0,0,0,0,0,0,0,0,0,0,0
-800,0,0,0,0,0,0,0,0,0,0,0,0
-811,0,0,0,0,0,0,0,0,0,0,0,0
-823,0,0,0,0,0,0,0,0,0,0,0,0
-837,0,0,0,0,0,0,0,0,0,0,0,0
-849,0,0,0,0,0,0,0,0,0,0,0,0
-862,0,0,0,0,0,0,0,0,0,0,0,0
-873,0,0,0,0,0,0,0,0,0,0,0,0
-885,0,0,0,0,0,0,0,0,0,0,0,0
-898,0,0,0,0,0,0,0,0,0,0,0,0
-909,0,0,0,0,0,0,0,0,0,0,0,0
-918,0,0,0,0,0,0,0,0,0,0,0,0
-936,0,0,0,0,0,0,0,0,0,0,0,0
-946,0,0,0,0,0,0,0,0,0,0,0,0
-959,0,0,0,0,0,0,0,0,0,0,0,0
-987,0,1621765,-0,9077683,1,025034,-0,2422456,-0,9314852,1,010142,-0,06187284,-0,03691758,0,9020475,0,06446997,0,05540287,0,9472944
-6,0,1634764,-0,9038377,1,016394,-0,2399161,-0,9275782,1,00013,-0,1550943,0,05391419,0,9406974,-0,1301777,0,07177667,0,9479246
-19,0,0,0,0,0,0,0,0,0,0,0,0
-44,0,1430757,-0,8407739,1,025606,-0,232666,-0,8620306,1,003007,-0,1542943,0,1233221,0,9740922,0,02464879,0,08638442,1,034527
-56,0,0,0,0,0,0,0,0,0,0,0,0
-71,0,1296218,-0,7713909,1,04534,-0,2341619,-0,8049419,1,013223,-0,213466,0,1698175,1,008931,0,009008327,0,08119889,1,083621
-83,0,0,0,0,0,0,0,0,0,0,0,0
-99,0,1250197,-0,7423401,1,054661,-0,2374457,-0,7713348,1,022971,-0,2954748,0,1875157,1,032593,0,02623693,0,1602982,1,056439
-114,0,0,0,0,0,0,0,0,0,0,0,0
-132,0,1207092,-0,7244346,1,063799,-0,2407713,-0,7468423,1,029355,-0,307541,0,1915859,1,036849,-0,1533601,0,2003736,1,035859
-143,0,0,0,0,0,0,0,0,0,0,0,0
-156,0,0,0,0,0,0,0,0,0,0,0,0
-171,0,1141416,-0,7130716,1,075478,-0,2451276,-0,7300594,1,034516,-0,3438019,0,2082233,1,045916,0,0141149,0,2121181,1,061795
-183,0,0,0,0,0,0,0,0,0,0,0,0
-203,0,1016473,-0,7100388,1,090953,-0,2515269,-0,7158067,1,039284,-0,2640294,0,1884574,1,051031,0,04644074,0,2202083,1,067468
-214,0,0,0,0,0,0,0,0,0,0,0,0
-226,0,0,0,0,0,0,0,0,0,0,0,0
-243,0,09019931,-0,7116314,1,104076,-0,2565136,-0,7065939,1,042575,-0,3429513,0,1985237,1,046466,0,04357892,0,225517,1,062637
-258,0,0,0,0,0,0,0,0,0,0,0,0
-272,0,0828888,-0,7203419,1,114416,-0,2597218,-0,7111545,1,04143,-0,2742282,0,1840603,1,043452,0,03855143,0,2285038,1,058742
-285,0,0,0,0,0,0,0,0,0,0,0,0
-300,0,004664188,-0,6854651,1,045437,-0,328002,-0,4684325,1,208486,-0,2350961,0,1822874,1,034226,0,01144048,0,2181986,1,054874
-311,0,0,0,0,0,0,0,0,0,0,0,0
-325,0,0,0,0,0,0,0,0,0,0,0,0
-338,-0,01772815,-0,6736891,1,025546,-0,3344187,-0,4372175,1,199945,-0,2239457,0,1816927,1,028972,-0,05952685,0,2134123,1,027477
-350,0,0,0,0,0,0,0,0,0,0,0,0
-365,0,1441345,-0,5629954,0,9622455,-0,3465165,-0,4105592,1,213784,-0,2578681,0,1766351,0,9804902,-0,2386656,0,1737486,0,9670365
-377,0,0,0,0,0,0,0,0,0,0,0,0
-390,0,0,0,0,0,0,0,0,0,0,0,0
-404,0,2064404,-0,4853227,0,9587344,-0,3344539,-0,5581952,1,080146,-0,2560353,0,1493861,0,9353513,-0,2801847,0,1369629,0,9257264
-417,0,0,0,0,0,0,0,0,0,0,0,0
-434,0,2805831,-0,4250325,0,9601935,-0,3414948,-0,5718088,1,059388,-0,2176732,0,1038418,0,8923203,-0,2134628,0,103485,0,9041632
-451,0,0,0,0,0,0,0,0,0,0,0,0
-465,0,3102498,-0,4020198,0,955887,-0,3388777,-0,6210191,1,021214,-0,1297533,0,06994085,0,8791324,-0,292951,-0,009483775,1,038359
-478,0,0,0,0,0,0,0,0,0,0,0,0
-492,0,0,0,0,0,0,0,0,0,0,0,0
-504,0,3298878,-0,3942637,0,9540545,-0,3390427,-0,6403329,1,004725,-0,03570301,0,03475651,0,8759121,-0,3222706,-0,1008868,1,030566
-516,0,0,0,0,0,0,0,0,0,0,0,0
-529,0,0,0,0,0,0,0,0,0,0,0,0
-543,0,3089702,-0,4580161,0,9839959,-0,3400797,-0,6524824,0,9954296,0,04277053,0,01200591,0,8940169,-0,3694535,-0,1853734,1,064502
-555,0,0,0,0,0,0,0,0,0,0,0,0
-569,0,3098467,-0,4706117,0,9883425,-0,2235159,-0,6632994,0,9958902,0,1114853,0,009942655,0,936343,-0,4208354,-0,2256276,1,073825
-583,0,0,0,0,0,0,0,0,0,0,0,0
-601,0,2996636,-0,4885799,0,9923149,-0,2664597,-0,6780345,1,114692,0,1954181,-0,0005248785,0,972589,-0,4992065,-0,2182607,1,103344
-612,0,0,0,0,0,0,0,0,0,0,0,0
-624,0,0,0,0,0,0,0,0,0,0,0,0
-638,0,2156276,-0,5305892,1,032955,-0,2809837,-0,6856062,1,165066,0,2708454,-0,008296924,1,026601,-0,5655341,-0,2223028,1,133166
-649,0,0,0,0,0,0,0,0,0,0,0,0
-662,0,0,0,0,0,0,0,0,0,0,0,0
-676,0,1574121,-0,5512248,1,060672,-0,2875106,-0,688714,1,188943,0,3247191,-0,005694801,1,097936,-0,6182942,-0,1849976,1,178926
-687,0,0,0,0,0,0,0,0,0,0,0,0
-702,0,1309718,-0,556828,1,074267,-0,2899618,-0,6910141,1,203498,0,3566535,0,007309908,1,163044,-0,6576691,-0,1231748,1,233503
-713,0,0,0,0,0,0,0,0,0,0,0,0
-725,0,0,0,0,0,0,0,0,0,0,0,0
-740,0,1145389,-0,5588631,1,083595,-0,2913029,-0,6918191,1,213045,0,3742636,0,02765969,1,221934,-0,6753727,-0,03677819,1,282109
-751,0,0,0,0,0,0,0,0,0,0,0,0
-765,0,0,0,0,0,0,0,0,0,0,0,0
-777,0,104813,-0,5559956,1,089913,-0,2907396,-0,6909502,1,218361,0,3294702,0,08031741,1,319663,-0,7070739,0,005586392,1,321672
-788,0,0,0,0,0,0,0,0,0,0,0,0
-802,0,1014136,-0,5481788,1,093362,-0,2878045,-0,6887573,1,22019,0,3645388,0,08922519,1,340351,-0,7087089,0,01770044,1,329551
-813,0,0,0,0,0,0,0,0,0,0,0,0
-826,0,0,0,0,0,0,0,0,0,0,0,0
-840,0,1028338,-0,5389767,1,094462,-0,2839221,-0,6859803,1,219687,0,3723884,0,100685,1,36579,-0,7155305,0,03013815,1,342715
-851,0,0,0,0,0,0,0,0,0,0,0,0
-865,0,1477516,-0,3714226,1,115005,-0,2810351,-0,6835472,1,218858,0,3785284,0,1116614,1,381045,-0,7197492,0,03863291,1,352737
-877,0,0,0,0,0,0,0,0,0,0,0,0
-888,0,0,0,0,0,0,0,0,0,0,0,0
-902,0,1586236,-0,3228361,1,121965,-0,2782123,-0,6815116,1,217766,0,3830591,0,1246173,1,398615,-0,7209176,0,04216846,1,359528
-920,0,0,0,0,0,0,0,0,0,0,0,0
-934,0,1698926,-0,2936738,1,123311,-0,2761267,-0,6799681,1,217085,0,3856851,0,1336761,1,402621,-0,7192363,0,04005319,1,363586
-946,0,0,0,0,0,0,0,0,0,0,0,0
-958,0,0,0,0,0,0,0,0,0,0,0,0
-972,0,1680666,-0,4389431,1,095318,-0,2745784,-0,6786939,1,216361,0,3876137,0,1408872,1,404363,-0,7161003,0,03434807,1,365031
-984,0,0,0,0,0,0,0,0,0,0,0,0
-998,0,1804767,-0,4804448,1,082805,-0,2738661,-0,6776853,1,215925,0,3896481,0,1465567,1,405139,-0,7126762,0,02861018,1,365964
-13,0,0,0,0,0,0,0,0,0,0,0,0
-30,0,0,0,0,0,0,0,0,0,0,0,0
-46,0,1848403,-0,5112643,1,070933,-0,2737397,-0,6768122,1,215548,0,3929103,0,1515154,1,403815,-0,7078547,0,003557336,1,367197
-66,0,2440576,-0,5263004,1,014328,-0,2746982,-0,6757081,1,214053,0,3968416,0,1559837,1,401018,-0,7036871,-0,01118792,1,367204
-78,0,0,0,0,0,0,0,0,0,0,0,0
-88,0,0,0,0,0,0,0,0,0,0,0,0
-101,0,2766615,-0,5255076,0,9809302,-0,2805093,-0,6733648,1,210241,0,4012001,0,1599952,1,396957,-0,693457,-0,022269,1,363158
-112,0,0,0,0,0,0,0,0,0,0,0,0
-122,0,0,0,0,0,0,0,0,0,0,0,0
-137,0,2935885,-0,520475,0,9606233,-0,2898516,-0,6685611,1,18992,0,4098322,0,1655286,1,387628,-0,6791173,-0,05192954,1,35102
-149,0,0,0,0,0,0,0,0,0,0,0,0
-162,0,0,0,0,0,0,0,0,0,0,0,0
-175,0,2979199,-0,5128577,0,9433033,-0,2998921,-0,6628135,1,164533,0,4625118,0,1698906,1,344755,-0,6695103,-0,06932578,1,341182
-187,0,0,0,0,0,0,0,0,0,0,0,0
-200,0,292137,-0,5078489,0,9323626,-0,3085388,-0,657903,1,143352,0,4983573,0,174271,1,308131,-0,6604998,-0,0900927,1,32779
-212,0,0,0,0,0,0,0,0,0,0,0,0
-223,0,0,0,0,0,0,0,0,0,0,0,0
-237,0,2776961,-0,5042577,0,9297665,-0,3119996,-0,6549662,1,126731,0,4959288,0,1891136,1,259248,-0,6508494,-0,1212842,1,304541
-249,0,0,0,0,0,0,0,0,0,0,0,0
-261,0,0,0,0,0,0,0,0,0,0,0,0
-274,0,2064213,-0,5415967,0,9571572,-0,3110802,-0,6528811,1,108771,0,5033367,0,1962165,1,210539,-0,6380216,-0,1406633,1,282058
-286,0,0,0,0,0,0,0,0,0,0,0,0
-300,0,1633863,-0,5694552,0,9837447,-0,307413,-0,6513031,1,090942,0,4970486,0,2049218,1,154811,-0,6209227,-0,1502787,1,261624
-311,0,0,0,0,0,0,0,0,0,0,0,0
-323,0,0,0,0,0,0,0,0,0,0,0,0
-338,0,1317269,-0,5949941,1,013426,-0,2507995,-0,6509258,1,042895,0,4801034,0,2150438,1,098964,-0,5927218,-0,1470971,1,239179
-349,0,0,0,0,0,0,0,0,0,0,0,0
-362,0,0,0,0,0,0,0,0,0,0,0,0
-375,0,1100252,-0,6139107,1,037237,-0,2248861,-0,6521896,1,02613,0,454595,0,2244194,1,041832,-0,5628154,-0,1364215,1,225615
-386,0,0,0,0,0,0,0,0,0,0,0,0
-401,0,07690902,-0,6430355,1,091146,-0,2124804,-0,6528609,1,017346,0,4233027,0,2338302,0,9867071,-0,5272752,-0,1236271,1,218073
-412,0,0,0,0,0,0,0,0,0,0,0,0
-423,0,0,0,0,0,0,0,0,0,0,0,0
-442,0,06301863,-0,6549324,1,111242,-0,2051029,-0,6534274,1,012112,0,3862272,0,2383412,0,9319748,-0,4966279,-0,1127153,1,218948
-454,0,0,0,0,0,0,0,0,0,0,0,0
-468,0,05368626,-0,6626698,1,123393,-0,2033902,-0,6549153,1,012733,0,3473307,0,239955,0,8853313,-0,4685048,-0,1072097,1,222909
-480,0,0,0,0,0,0,0,0,0,0,0,0
-492,0,0,0,0,0,0,0,0,0,0,0,0
-507,0,04690396,-0,6681507,1,131754,-0,2083064,-0,6586673,1,027203,0,3068512,0,2354231,0,8432365,-0,4316038,-0,09296259,1,240293
-519,0,0,0,0,0,0,0,0,0,0,0,0
-532,0,04191928,-0,6720499,1,137733,-0,2126656,-0,6608641,1,037314,0,2812161,0,2355642,0,8154004,-0,406262,-0,09013131,1,252977
-544,0,0,0,0,0,0,0,0,0,0,0,0
-556,0,0,0,0,0,0,0,0,0,0,0,0
-570,0,03709131,-0,6744754,1,140979,-0,2163618,-0,6620493,1,044338,0,3015342,0,2000535,0,8806399,-0,3812779,-0,09393032,1,272597
-583,0,0,0,0,0,0,0,0,0,0,0,0
-596,0,04049379,-0,6741503,1,138985,-0,2175341,-0,6626609,1,04836,0,2632895,0,1939709,0,8847252,-0,3599563,-0,1111368,1,293181
-608,0,0,0,0,0,0,0,0,0,0,0,0
-619,0,0,0,0,0,0,0,0,0,0,0,0
-633,0,05946341,-0,6689619,1,127796,-0,218373,-0,6626927,1,051226,0,1729822,0,2187891,0,9184588,-0,3440717,-0,1266083,1,312593
-648,0,0,0,0,0,0,0,0,0,0,0,0
-661,0,0,0,0,0,0,0,0,0,0,0,0
-674,0,1096956,-0,6553567,1,103451,-0,218641,-0,6624516,1,053357,0,1152487,0,2338375,0,9557554,-0,3287189,-0,1457036,1,338016
-685,0,0,0,0,0,0,0,0,0,0,0,0
-699,0,1356561,-0,6508208,1,089839,-0,2192558,-0,6623515,1,055096,0,2408206,0,2222072,0,878678,-0,3149908,-0,1618855,1,363187
-710,0,0,0,0,0,0,0,0,0,0,0,0
-723,0,0,0,0,0,0,0,0,0,0,0,0
-736,0,1292823,-0,6554904,1,083952,-0,2199536,-0,6625426,1,057174,0,2315755,0,2421193,0,8966475,-0,2975313,-0,1812468,1,395503
-748,0,0,0,0,0,0,0,0,0,0,0,0
-760,0,0,0,0,0,0,0,0,0,0,0,0
-779,0,1186648,-0,6647889,1,080648,-0,2179859,-0,664207,1,061824,0,2654681,0,2525964,0,8842402,-0,2771492,-0,1801633,1,423452
-790,0,0,0,0,0,0,0,0,0,0,0,0
-805,0,1121458,-0,7116944,1,081689,-0,2166078,-0,7038876,1,076361,0,2770792,0,2571653,0,8783715,-0,2694943,-0,2178333,1,461639
-817,0,0,0,0,0,0,0,0,0,0,0,0
-830,0,0,0,0,0,0,0,0,0,0,0,0
-842,0,1101711,-0,743274,1,071385,-0,1882429,-0,737801,1,089085,0,2836117,0,2602116,0,8738659,-0,242235,-0,2304429,1,347302
-853,0,0,0,0,0,0,0,0,0,0,0,0
-868,0,1050178,-0,7671914,1,056693,-0,1690028,-0,7589666,1,10059,0,2863826,0,2148052,0,8104867,-0,1741595,-0,178242,1,27178
-879,0,0,0,0,0,0,0,0,0,0,0,0
-891,0,0,0,0,0,0,0,0,0,0,0,0
-905,0,09879774,-0,7838324,1,032739,-0,1544941,-0,7725322,1,110747,0,2853588,0,1931837,0,7784201,-0,1462886,-0,06831393,1,229867
-916,0,0,0,0,0,0,0,0,0,0,0,0
-928,0,0,0,0,0,0,0,0,0,0,0,0
-941,0,1265069,-0,8256031,0,9895979,-0,2126931,-0,8103335,1,149787,0,284882,0,1832199,0,7622662,-0,1167702,0,01971837,1,196156
-953,0,0,0,0,0,0,0,0,0,0,0,0
-968,0,131779,-0,8402058,0,9751241,-0,2585675,-0,8226181,1,176699,0,2839127,0,1771289,0,751974,-0,1060115,0,0517226,1,184083
-979,0,0,0,0,0,0,0,0,0,0,0,0
-991,0,0,0,0,0,0,0,0,0,0,0,0
-4,0,1355229,-0,8488201,0,9656989,-0,2909881,-0,8218466,1,192945,0,262647,0,2362838,0,8218156,-0,09822983,0,06982378,1,17861
-16,0,0,0,0,0,0,0,0,0,0,0,0
-29,0,0,0,0,0,0,0,0,0,0,0,0
-41,0,1387992,-0,8536866,0,9590064,-0,313998,-0,8147739,1,20205,0,2521978,0,2521872,0,8371511,-0,09382805,0,07767501,1,181361
-54,0,0,0,0,0,0,0,0,0,0,0,0
-70,0,1426859,-0,8545526,0,9552038,-0,3309591,-0,8043711,1,206911,0,2438322,0,2634652,0,8498342,-0,07900067,0,03949303,1,191794
-83,0,0,0,0,0,0,0,0,0,0,0,0
-94,0,0,0,0,0,0,0,0,0,0,0,0
-108,0,1473698,-0,8522329,0,9540799,-0,3431647,-0,7923527,1,208526,0,2368769,0,2685259,0,855983,-0,07508713,0,02728046,1,199986
-121,0,0,0,0,0,0,0,0,0,0,0,0
-133,0,1529303,-0,8483586,0,9546918,-0,3532887,-0,7785332,1,208981,0,2107078,0,2813223,0,8543856,-0,1452338,-0,3091404,1,197607
-146,0,0,0,0,0,0,0,0,0,0,0,0
-157,0,0,0,0,0,0,0,0,0,0,0,0
-170,0,1576394,-0,8444577,0,955951,-0,3610912,-0,7651801,1,209173,0,1973215,0,286957,0,8533993,-0,1476152,-0,3682388,1,198952
-181,0,0,0,0,0,0,0,0,0,0,0,0
-192,0,0,0,0,0,0,0,0,0,0,0,0
-206,0,1636565,-0,8409806,0,9572589,-0,3743325,-0,7422505,1,21081,0,187315,0,2895678,0,8526984,-0,1522726,-0,3946768,1,197976
-218,0,0,0,0,0,0,0,0,0,0,0,0
-230,0,0,0,0,0,0,0,0,0,0,0,0
-243,0,1668157,-0,8390064,0,9578302,-0,3812422,-0,727298,1,213622,0,1802451,0,2902072,0,8521253,-0,1799103,-0,34032,1,225373
-255,0,0,0,0,0,0,0,0,0,0,0,0
-272,0,1682629,-0,8363265,0,9571248,-0,3837546,-0,7180296,1,216157,0,1724861,0,2862185,0,8504454,-0,1369643,-0,406788,1,203108
-284,0,0,0,0,0,0,0,0,0,0,0,0
-297,0,0,0,0,0,0,0,0,0,0,0,0
-310,0,1567431,-0,8302254,0,9568706,-0,3714229,-0,713432,1,221671,-0,1053214,0,1323178,0,8357258,-0,1346946,-0,4164506,1,197209
-322,0,0,0,0,0,0,0,0,0,0,0,0
-336,0,1383452,-0,822987,0,9563206,-0,3426547,-0,7156914,1,230706,-0,15235,0,1102001,0,8347304,-0,1302264,-0,4143301,1,185975
-347,0,0,0,0,0,0,0,0,0,0,0,0
-361,0,0,0,0,0,0,0,0,0,0,0,0
-372,0,115025,-0,8158534,0,9563971,-0,317537,-0,7195048,1,238452,-0,1650905,0,09955983,0,8400428,-0,1233084,-0,395036,1,179809
-385,0,0,0,0,0,0,0,0,0,0,0,0
-398,0,0,0,0,0,0,0,0,0,0,0,0
-410,0,07336495,-0,7994287,0,9585124,-0,3000745,-0,720739,1,243276,-0,1605031,0,097628,0,8501368,-0,1200004,-0,3835799,1,177558
-421,0,0,0,0,0,0,0,0,0,0,0,0
-435,0,04899652,-0,7896841,0,9589036,-0,288491,-0,7213634,1,246558,-0,1587555,0,09230942,0,8630767,-0,1180812,-0,3763522,1,176836
-446,0,0,0,0,0,0,0,0,0,0,0,0
-458,0,0,0,0,0,0,0,0,0,0,0,0
-474,0,03573188,-0,7843499,0,9590948,-0,2808715,-0,7217345,1,248702,-0,1720767,0,08508196,0,8692389,-0,1170438,-0,3719723,1,176673
-486,0,0,0,0,0,0,0,0,0,0,0,0
-499,0,0,0,0,0,0,0,0,0,0,0,0
-511,0,02755423,-0,7809862,0,9594344,-0,2759002,-0,7218242,1,250099,-0,1639223,0,08667505,0,8785226,-0,1160081,-0,3691643,1,176537
-523,0,0,0,0,0,0,0,0,0,0,0,0
-537,0,02190273,-0,778577,0,9598926,-0,2724116,-0,7218121,1,251058,-0,1544652,0,08669578,0,8905813,-0,1149141,-0,3662602,1,17682
-549,0,0,0,0,0,0,0,0,0,0,0,0
-562,0,0,0,0,0,0,0,0,0,0,0,0
-573,0,01811466,-0,7769181,0,9604158,-0,2700573,-0,7217034,1,251542,-0,1480113,0,08528411,0,9012185,-0,1139403,-0,3636689,1,177245
-585,0,0,0,0,0,0,0,0,0,0,0,0
-598,0,0,0,0,0,0,0,0,0,0,0,0
-616,0,01584963,-0,7759001,0,9610348,-0,2687232,-0,7216399,1,251245,-0,1435415,0,08239814,0,9129322,-0,1130589,-0,3611441,1,177711
-627,0,0,0,0,0,0,0,0,0,0,0,0
-641,0,02748626,-0,7664899,0,9631937,-0,2547167,-0,709164,1,233912,-0,1368261,0,07961392,0,9189951,-0,1037027,-0,3062088,1,179043
-652,0,0,0,0,0,0,0,0,0,0,0,0
-667,0,03808227,-0,7591933,0,9642145,-0,2449703,-0,7012177,1,219851,-0,1218426,0,07026812,0,9270546,-0,08460751,-0,2328045,1,177196
-682,0,0,0,0,0,0,0,0,0,0,0,0
-693,0,0,0,0,0,0,0,0,0,0,0,0
-706,0,05020949,-0,7526804,0,9646721,-0,2370994,-0,6955363,1,205511,-0,1113467,0,06429318,0,9337242,-0,07758839,-0,1977669,1,176114
-718,0,0,0,0,0,0,0,0,0,0,0,0
-730,0,0,0,0,0,0,0,0,0,0,0,0
-743,0,06074784,-0,7477671,0,964029,-0,2302071,-0,6920947,1,189935,-0,1020628,0,05955156,0,9390756,-0,08395208,-0,1993644,1,172854
-754,0,0,0,0,0,0,0,0,0,0,0,0
-768,0,0622533,-0,7442613,0,9651275,-0,2313547,-0,6883899,1,175923,-0,10905,0,04479464,0,9675127,-0,09878995,-0,2249928,1,167995
-779,0,0,0,0,0,0,0,0,0,0,0,0
-791,0,0,0,0,0,0,0,0,0,0,0,0
-805,0,06191322,-0,740239,0,9660454,-0,231819,-0,6854532,1,160838,-0,1138609,0,05026863,0,9694221,-0,1085474,-0,2439808,1,162858
-816,0,0,0,0,0,0,0,0,0,0,0,0
-827,0,0,0,0,0,0,0,0,0,0,0,0
-840,0,0605598,-0,7360439,0,9668946,-0,2314823,-0,6816691,1,144533,-0,1038347,0,0574945,0,9236923,-0,1153461,-0,2565663,1,157424
-852,0,0,0,0,0,0,0,0,0,0,0,0
-867,0,05889849,-0,7319624,0,9679151,-0,2303438,-0,6777554,1,128317,-0,04289669,0,03592305,0,8775533,-0,1568193,-0,215941,1,206602
-878,0,0,0,0,0,0,0,0,0,0,0,0
-893,0,0,0,0,0,0,0,0,0,0,0,0
-906,0,0570286,-0,7280622,0,969025,-0,2174009,-0,676822,1,101268,0,03438691,0,01148886,0,8835075,-0,1783102,-0,1955454,1,226371
-918,0,0,0,0,0,0,0,0,0,0,0,0
-930,0,0,0,0,0,0,0,0,0,0,0,0
-943,0,05675616,-0,7248551,0,970107,-0,204786,-0,6767454,1,080546,0,1471816,0,01181783,0,9455628,-0,1866643,-0,190743,1,233277
-954,0,0,0,0,0,0,0,0,0,0,0,0
-968,0,07043957,-0,6909028,0,9775409,-0,1816834,-0,6469064,1,056922,0,08021573,-0,02046911,0,9605023,-0,1557426,-0,1513472,1,231469
-980,0,0,0,0,0,0,0,0,0,0,0,0
-992,0,0,0,0,0,0,0,0,0,0,0,0
-6,0,0806931,-0,6719167,0,9822912,-0,1665092,-0,6302416,1,040403,0,1709895,-0,02345069,0,991969,-0,1341884,0,02127583,1,495626
-17,0,0,0,0,0,0,0,0,0,0,0,0
-30,0,0,0,0,0,0,0,0,0,0,0,0
-42,0,09047051,-0,6594747,0,9854318,-0,1545997,-0,6194055,1,026902,0,1874495,-0,031711,1,004354,-0,1255017,0,07456535,1,501416
-54,0,0,0,0,0,0,0,0,0,0,0,0
-66,0,0,0,0,0,0,0,0,0,0,0,0
-81,0,1005502,-0,6507831,0,9879081,-0,1444016,-0,6120657,1,01537,0,2000971,-0,03585393,1,015392,-0,1627766,0,03041759,1,373986
-96,0,0,0,0,0,0,0,0,0,0,0,0
-109,0,1125701,-0,6447763,0,9903245,-0,1330591,-0,6067167,1,003612,0,1247817,-0,04728757,0,9842026,-0,2676924,0,005157921,1,424585
-121,0,0,0,0,0,0,0,0,0,0,0,0
-134,0,1280549,-0,6413944,0,9941796,-0,122372,-0,6025805,0,991914,0,1317346,-0,05752775,0,9854429,-0,3045743,0,02477801,1,399638
-146,0,0,0,0,0,0,0,0,0,0,0,0
-158,0,0,0,0,0,0,0,0,0,0,0,0
-173,0,145287,-0,6404408,0,999675,-0,1101139,-0,5986473,0,9773425,0,1276861,-0,06244328,0,9816784,-0,3446804,0,02032266,1,352869
-185,0,0,0,0,0,0,0,0,0,0,0,0
-198,0,0,0,0,0,0,0,0,0,0,0,0
-210,0,1617915,-0,6410205,1,007463,-0,11874,-0,5011744,0,8392205,0,1327056,-0,06811035,0,977725,-0,3531625,0,0232284,1,291472
-222,0,0,0,0,0,0,0,0,0,0,0,0
-236,0,1784014,-0,6420122,1,017734,-0,1275849,-0,4426275,0,7493889,0,2430445,-0,04978143,1,053797,-0,344818,0,03678802,1,24029
-247,0,0,0,0,0,0,0,0,0,0,0,0
-259,0,0,0,0,0,0,0,0,0,0,0,0
-272,0,1927295,-0,6427908,1,029132,-0,1472179,-0,3837404,0,6736847,0,2868121,-0,05740561,1,096539,-0,3356734,0,04833248,1,1757
-283,0,0,0,0,0,0,0,0,0,0,0,0
-300,0,0,0,0,0,0,0,0,0,0,0,0
-311,0,2009026,-0,6426757,1,037115,-0,03203556,-0,4519729,0,746065,0,3225015,-0,05756349,1,126086,-0,3164155,0,06394858,1,116638
-323,0,0,0,0,0,0,0,0,0,0,0,0
-337,0,2023395,-0,642073,1,046859,0,002769364,-0,4481134,0,7470424,0,2591993,-0,07594676,1,032581,-0,2954085,0,075018,1,06006
-347,0,0,0,0,0,0,0,0,0,0,0,0
-358,0,0,0,0,0,0,0,0,0,0,0,0
-373,0,1969282,-0,640739,1,057648,0,02220842,-0,4649813,0,7948466,0,2731609,-0,08173324,1,030355,-0,2690695,0,08039899,1,001925
-384,0,0,0,0,0,0,0,0,0,0,0,0
-397,0,0,0,0,0,0,0,0,0,0,0,0
-409,0,1580753,-0,6344966,1,107529,0,03583059,-0,4541449,0,8382088,0,2735814,-0,07966661,1,029551,-0,2365316,0,08307607,0,9483574
-421,0,0,0,0,0,0,0,0,0,0,0,0
-434,0,1360743,-0,631297,1,163982,0,0433144,-0,3346132,0,9170743,0,2697044,-0,08233096,1,019824,-0,1950762,0,08858755,0,9049425
-446,0,0,0,0,0,0,0,0,0,0,0,0
-458,0,0,0,0,0,0,0,0,0,0,0,0
-477,0,1292674,-0,6283745,1,183979,0,05632652,-0,2969311,0,955659,0,269032,-0,0834979,1,015879,-0,1364689,0,09607954,0,8750575
-489,0,0,0,0,0,0,0,0,0,0,0,0
-503,0,1231854,-0,6226633,1,189061,0,08170823,-0,3457958,0,8731481,0,2698375,-0,0828438,1,016749,-0,08489012,0,1136821,0,844101
-515,0,0,0,0,0,0,0,0,0,0,0,0
-528,0,0,0,0,0,0,0,0,0,0,0,0
-543,0,1158321,-0,6114016,1,186163,0,1011886,-0,3469411,0,8536466,0,2746492,-0,07935891,1,02649,-0,05569659,0,125699,0,827738
-559,0,0,0,0,0,0,0,0,0,0,0,0
-572,0,1168473,-0,5899415,1,160686,0,125292,-0,3426348,0,8775162,0,2802657,-0,07563192,1,03686,-0,043545,0,1500925,0,8439466
-584,0,0,0,0,0,0,0,0,0,0,0,0
-596,0,0,0,0,0,0,0,0,0,0,0,0
-608,0,08061147,-0,5382131,1,128723,0,1397642,-0,3524617,0,8916225,0,2887232,-0,07025482,1,052825,-0,01146369,0,1852098,0,8663946
-619,0,0,0,0,0,0,0,0,0,0,0,0
-632,0,07547807,-0,5252647,1,123,0,1469258,-0,3412148,0,9993556,0,2981978,-0,06518587,1,070789,0,01199055,0,1972854,0,8780932
-644,0,0,0,0,0,0,0,0,0,0,0,0
-655,0,0,0,0,0,0,0,0,0,0,0,0
-669,0,1153509,-0,4312477,1,119349,0,1499786,-0,3270902,1,071884,0,3065349,-0,06189348,1,086852,0,02222292,0,2014632,0,8893427
-681,0,0,0,0,0,0,0,0,0,0,0,0
-698,0,0,0,0,0,0,0,0,0,0,0,0
-714,0,1288893,-0,4450328,1,102826,0,1167954,-0,3284759,0,7924254,0,3139067,-0,05919257,1,102481,0,02844117,0,201901,0,9048015
-725,0,0,0,0,0,0,0,0,0,0,0,0
-738,0,1466479,-0,3662022,1,077165,0,1145285,-0,4274926,1,137228,0,3197142,-0,05768745,1,114944,0,04716668,0,1992685,0,9196703
-751,0,0,0,0,0,0,0,0,0,0,0,0
-763,0,0,0,0,0,0,0,0,0,0,0,0
-776,-0,005063038,-0,430245,1,036191,0,09890573,-0,4242665,1,150732,0,324384,-0,05715786,1,126886,0,06319907,0,1980778,0,9286751
-787,0,0,0,0,0,0,0,0,0,0,0,0
-802,-0,06032308,-0,4449116,1,01685,0,08349478,-0,4196846,1,211712,0,3307258,-0,05849554,1,148212,0,08316052,0,1920661,0,9247009
-814,0,0,0,0,0,0,0,0,0,0,0,0
-826,0,0,0,0,0,0,0,0,0,0,0,0
-839,-0,04095644,-0,3879136,1,033822,0,0837497,-0,4117552,1,219394,0,3352765,-0,06008536,1,163227,0,09880359,0,1895985,0,9230685
-853,0,0,0,0,0,0,0,0,0,0,0,0
-871,-0,05361604,-0,3710574,1,056635,0,09029946,-0,4083287,1,226275,0,3384813,-0,06163238,1,175152,0,1164351,0,1907437,0,9225183
-882,0,0,0,0,0,0,0,0,0,0,0,0
-893,0,0,0,0,0,0,0,0,0,0,0,0
-906,-0,05174714,-0,3594078,1,072647,0,09931493,-0,4036825,1,225913,0,3501903,-0,03333943,1,290922,0,1397906,0,1943683,0,9180802
-918,0,0,0,0,0,0,0,0,0,0,0,0
-932,-0,08367606,-0,4300858,1,070493,0,1074787,-0,3990751,1,216859,0,3576809,-0,0162713,1,352067,0,1816015,0,2175294,0,9437396
-944,0,0,0,0,0,0,0,0,0,0,0,0
-955,0,0,0,0,0,0,0,0,0,0,0,0
-969,-0,0664161,-0,4012659,1,096564,0,1150825,-0,3952262,1,206782,0,3608354,-0,007697544,1,380866,0,312099,0,2545997,0,9683299
-981,0,0,0,0,0,0,0,0,0,0,0,0
-992,0,0,0,0,0,0,0,0,0,0,0,0
-6,-0,05533481,-0,3843556,1,10962,0,1182468,-0,3934575,1,200269,0,3624094,-7,882807E-05,1,39816,0,384582,0,2767176,0,9846159
-19,0,0,0,0,0,0,0,0,0,0,0,0
-32,0,0,0,0,0,0,0,0,0,0,0,0
-45,-0,05014524,-0,3747136,1,117741,0,118947,-0,3923087,1,196809,0,3537631,0,002716121,1,358913,0,4126834,0,2863663,0,9931541
-57,0,0,0,0,0,0,0,0,0,0,0,0
-71,-0,08759184,-0,441927,1,073248,0,1172687,-0,3922231,1,194886,0,3501219,-0,0823262,1,248519,0,4288408,0,2933685,1,001466
-83,0,0,0,0,0,0,0,0,0,0,0,0
-97,0,0,0,0,0,0,0,0,0,0,0,0
-110,-0,1088303,-0,4805738,1,046849,0,1148028,-0,3926327,1,193276,0,3509797,-0,1087055,1,210796,0,4289036,0,2998055,1,022488
-124,0,0,0,0,0,0,0,0,0,0,0,0
-138,-0,1176319,-0,4964074,1,036185,0,112109,-0,3932423,1,191999,0,3518056,-0,1295369,1,186099,0,4228601,0,3026361,1,037149
-149,0,0,0,0,0,0,0,0,0,0,0,0
-161,0,0,0,0,0,0,0,0,0,0,0,0
-175,-0,1227754,-0,5055271,1,030315,0,109703,-0,3937846,1,191132,0,3526316,-0,1363295,1,180145,0,4144437,0,3034887,1,047211
-187,0,0,0,0,0,0,0,0,0,0,0,0
-200,-0,1264598,-0,5118308,1,026323,0,105854,-0,3942162,1,191324,0,3537729,-0,1380537,1,182573,0,4091178,0,3046489,1,052331
-211,0,0,0,0,0,0,0,0,0,0,0,0
-222,0,0,0,0,0,0,0,0,0,0,0,0
-236,-0,128491,-0,5148367,1,024298,0,1030715,-0,3945121,1,191636,0,3456042,-0,07057191,1,268378,0,403915,0,3050088,1,055134
-247,0,0,0,0,0,0,0,0,0,0,0,0
-258,0,0,0,0,0,0,0,0,0,0,0,0
-272,-0,1298837,-0,5145007,1,025862,0,1008223,-0,39463,1,192155,0,3430041,-0,0532484,1,291991,0,3996688,0,3049903,1,056528
-284,0,0,0,0,0,0,0,0,0,0,0,0
-297,0,0,0,0,0,0,0,0,0,0,0,0
-309,-0,1306219,-0,5123808,1,028848,0,09921131,-0,3947149,1,192627,0,3424609,-0,06376062,1,262689,0,3962386,0,3047482,1,057096
-320,0,0,0,0,0,0,0,0,0,0,0,0
-336,-0,1271701,-0,5150999,1,02679,0,09833088,-0,3948634,1,192827,0,3369667,-0,06671021,1,247386,0,3933281,0,3043726,1,057143
-347,0,0,0,0,0,0,0,0,0,0,0,0
-366,0,0,0,0,0,0,0,0,0,0,0,0
-378,-0,1246174,-0,5169802,1,026976,0,1056968,-0,4015149,1,188555,0,3326841,-0,07317635,1,230797,0,3909047,0,3038865,1,056967
-390,0,0,0,0,0,0,0,0,0,0,0,0
-403,-0,086811,-0,4262841,1,089221,0,1080094,-0,4026794,1,187561,0,3296695,-0,07715306,1,220291,0,3885102,0,3020884,1,056126
-415,0,0,0,0,0,0,0,0,0,0,0,0
-426,0,0,0,0,0,0,0,0,0,0,0,0
-441,-0,05815863,-0,4462597,1,070126,0,1835205,-0,4696013,1,089628,0,3265975,-0,08014549,1,211394,0,3864559,0,3003395,1,055391
-452,0,0,0,0,0,0,0,0,0,0,0,0
-465,0,0,0,0,0,0,0,0,0,0,0,0
-481,0,1273235,-0,5313593,1,144354,0,2162917,-0,5610796,1,133239,0,3192798,-0,08293724,1,201165,0,3823777,0,2978843,1,055146
-498,0,0,0,0,0,0,0,0,0,0,0,0
-510,0,1552623,-0,3930967,1,070253,0,1918166,-0,6054718,1,029152,0,3098631,-0,06254263,1,230986,0,3779451,0,2943783,1,055433
-522,0,0,0,0,0,0,0,0,0,0,0,0
-535,0,1806038,-0,2011072,1,068393,0,1633141,-0,6194803,0,953272,0,3070594,-0,04971669,1,258016,0,3766602,0,2924042,1,055645
-547,0,0,0,0,0,0,0,0,0,0,0,0
-559,0,0,0,0,0,0,0,0,0,0,0,0
-573,0,142938,-0,1738839,1,048017,0,1461802,-0,4468942,0,6928427,0,3038013,-0,04385266,1,267122,0,3755358,0,2909836,1,055789
-586,0,0,0,0,0,0,0,0,0,0,0,0
-598,0,0,0,0,0,0,0,0,0,0,0,0
-611,0,1643347,-0,5478687,1,11828,0,1186402,-0,4372801,0,6165262,0,301777,-0,0405795,1,272122,0,374785,0,2898467,1,055901
-623,0,0,0,0,0,0,0,0,0,0,0,0
-640,0,2052103,-0,5581401,1,097364,0,02702784,-0,2954082,0,9637585,0,2997622,-0,03800702,1,274955,0,374348,0,2889315,1,056032
-656,0,0,0,0,0,0,0,0,0,0,0,0
-669,0,2062384,-0,663947,1,092875,0,01089219,-0,3069668,0,9842238,0,2926748,-0,06513835,1,213053,0,3687392,0,2836192,1,052634
-681,0,0,0,0,0,0,0,0,0,0,0,0
-692,0,0,0,0,0,0,0,0,0,0,0,0
-707,0,2062653,-0,7047998,1,090573,0,04143297,-0,335745,1,017637,0,2878568,-0,05805615,1,224956,0,3454733,0,2773045,1,049741
-719,0,0,0,0,0,0,0,0,0,0,0,0
-731,0,0,0,0,0,0,0,0,0,0,0,0
-748,0,2012456,-0,7204568,1,085257,0,05031397,-0,3285537,1,055017,0,2799001,-0,07812125,1,192293,0,323928,0,273336,1,040593
-759,0,0,0,0,0,0,0,0,0,0,0,0
-773,0,197745,-0,7277664,1,080383,0,05196684,-0,3625943,1,093033,0,275751,-0,08660523,1,180487,0,2825075,0,2725299,1,015402
-789,0,0,0,0,0,0,0,0,0,0,0,0
-807,0,1939235,-0,7202248,1,075194,0,0460458,-0,3855634,1,136256,0,2743558,-0,06096169,1,233187,0,249826,0,2731465,0,9860658
-820,0,0,0,0,0,0,0,0,0,0,0,0
-831,0,0,0,0,0,0,0,0,0,0,0,0
-846,0,1928334,-0,7071724,1,072161,0,03410079,-0,4076396,1,162068,0,2727321,-0,04853731,1,259203,0,2078941,0,2723882,0,9556776
-859,0,0,0,0,0,0,0,0,0,0,0,0
-873,0,1948185,-0,6934819,1,072272,-0,06840983,-0,5529739,0,9577544,0,2719164,-0,04280798,1,271367,0,1807318,0,2707644,0,9295341
-886,0,0,0,0,0,0,0,0,0,0,0,0
-898,0,0,0,0,0,0,0,0,0,0,0,0
-912,0,1957444,-0,6843569,1,073785,-0,1096285,-0,6187944,0,9390066,0,2711534,-0,0394345,1,278836,0,1422222,0,2672994,0,8976409
-924,0,0,0,0,0,0,0,0,0,0,0,0
-941,0,1989983,-0,6769672,1,078407,-0,1448094,-0,6623553,0,927628,0,2706037,-0,03765154,1,283845,0,08892265,0,2607824,0,871174
-959,0,0,0,0,0,0,0,0,0,0,0,0
-973,0,1976857,-0,6723854,1,082202,0,0337398,-0,6203862,1,04831,0,2698275,-0,0375981,1,286842,0,0141962,0,2501007,0,8422329
-985,0,0,0,0,0,0,0,0,0,0,0,0
-998,0,0,0,0,0,0,0,0,0,0,0,0
-10,0,1945206,-0,6682984,1,08627,0,05482,-0,6394045,1,068604,0,26818,-0,03977638,1,287137,-0,06146891,0,2411061,0,8215777
-22,0,0,0,0,0,0,0,0,0,0,0,0
-39,0,190718,-0,6641374,1,089701,0,07919151,-0,6332493,1,109502,0,2625237,-0,07158034,1,232526,-0,1362314,0,2316913,0,8120598
-51,0,0,0,0,0,0,0,0,0,0,0,0
-63,0,0,0,0,0,0,0,0,0,0,0,0
-77,0,1813683,-0,6590329,1,091782,0,05990423,-0,6340935,1,153502,0,2588286,-0,09096219,1,198248,-0,2231249,0,2222465,0,8180071
-88,0,0,0,0,0,0,0,0,0,0,0,0
-103,0,1590508,-0,6535203,1,090493,-0,01469854,-0,4706628,1,240244,0,2574274,-0,09742252,1,186001,-0,3021065,0,2157954,0,8354618
-115,0,0,0,0,0,0,0,0,0,0,0,0
-129,0,0,0,0,0,0,0,0,0,0,0,0
-142,0,136085,-0,6492239,1,085428,-0,02974484,-0,4357562,1,28111,0,2570002,-0,09969768,1,177916,-0,3636701,0,2121835,0,8614124
-157,0,0,0,0,0,0,0,0,0,0,0,0
-171,0,112986,-0,6449757,1,076779,0,003811394,-0,5359198,1,198975,0,2630557,-0,08355556,1,172211,-0,4370589,0,2057114,0,8918943
-184,0,0,0,0,0,0,0,0,0,0,0,0
-196,0,0,0,0,0,0,0,0,0,0,0,0
-216,0,0963731,-0,641542,1,068272,0,01075576,-0,5400203,1,186319,0,2773008,-0,05006513,1,160919,-0,4955032,0,1984342,0,9330487
-228,0,0,0,0,0,0,0,0,0,0,0,0
-246,0,08014816,-0,6389024,1,059417,-0,16982,-0,6290733,1,120982,0,2902385,-0,01511361,1,144634,-0,5456803,0,1874015,1,013493
-261,0,0,0,0,0,0,0,0,0,0,0,0
-275,0,06391533,-0,6374472,1,051711,-0,2859066,-0,6608124,1,076384,0,2988365,0,02448688,1,120492,-0,630835,0,1544668,1,115135
-287,0,0,0,0,0,0,0,0,0,0,0,0
-301,0,05442372,-0,6362153,1,047072,-0,3294499,-0,6795787,1,060821,0,3012272,0,06295931,1,093493,-0,6923112,0,1218664,1,216925
-312,0,0,0,0,0,0,0,0,0,0,0,0
-324,0,0,0,0,0,0,0,0,0,0,0,0
-338,0,04783017,-0,6349602,1,043677,-0,3568807,-0,6905823,1,05063,0,2938121,0,1015321,1,058633,-0,7144257,0,101121,1,282
-349,0,0,0,0,0,0,0,0,0,0,0,0
-365,0,0,0,0,0,0,0,0,0,0,0,0
-379,0,04037059,-0,6330152,1,03849,-0,3661518,-0,6911975,1,049873,0,2765283,0,1377445,1,020048,-0,7212098,0,09852906,1,302083
-390,0,0,0,0,0,0,0,0,0,0,0,0
-404,0,0323282,-0,628036,1,028717,-0,3658843,-0,6872803,1,052602,0,2486284,0,1703435,0,9743717,-0,7631999,0,07987934,1,358989
-416,0,0,0,0,0,0,0,0,0,0,0,0
-428,0,0,0,0,0,0,0,0,0,0,0,0
-443,0,02482032,-0,6183216,1,01043,-0,3592491,-0,6794301,1,068082,0,2135172,0,2015848,0,9337376,-0,6988772,0,1030941,1,36906
-455,0,0,0,0,0,0,0,0,0,0,0,0
-469,-0,007024654,-0,5707269,0,9044477,-0,3548487,-0,6763784,1,073733,0,1731683,0,2314383,0,8997045,-0,6938359,0,09516176,1,404754
-480,0,0,0,0,0,0,0,0,0,0,0,0
-491,0,0,0,0,0,0,0,0,0,0,0,0
-506,-0,02128555,-0,5350519,0,8294869,-0,3495989,-0,6743686,1,078889,0,1300025,0,2588293,0,8724713,-0,6852198,0,09051573,1,415957
-517,0,0,0,0,0,0,0,0,0,0,0,0
-528,0,0,0,0,0,0,0,0,0,0,0,0
-543,-0,0590758,-0,4522275,1,061365,-0,3454374,-0,6729603,1,082462,0,08294175,0,2827652,0,853029,-0,6984439,0,05380771,1,424771
-554,0,0,0,0,0,0,0,0,0,0,0,0
-572,-0,05761214,-0,4224238,1,07192,-0,4489222,-0,6044165,1,066157,0,0377417,0,3031561,0,8397551,-0,7054152,0,0224066,1,430746
-585,0,0,0,0,0,0,0,0,0,0,0,0
-597,0,0,0,0,0,0,0,0,0,0,0,0
-610,-0,06918145,-0,385129,1,082356,-0,4167577,-0,4815279,1,248597,-0,02427908,0,3314733,0,8090547,-0,7078905,0,0005263109,1,434509
-622,0,0,0,0,0,0,0,0,0,0,0,0
-636,-0,04307799,-0,422598,0,9030605,-0,4091792,-0,438199,1,309017,-0,04413122,0,3299423,0,8252978,-0,7056012,-0,02838566,1,442738
-648,0,0,0,0,0,0,0,0,0,0,0,0
-660,0,0,0,0,0,0,0,0,0,0,0,0
-675,0,009534854,-0,2576261,0,7648798,-0,3750209,-0,4421729,1,330788,-0,1084885,0,329014,0,8578972,-0,7108354,-0,06751543,1,434732
-686,0,0,0,0,0,0,0,0,0,0,0,0
-698,0,0,0,0,0,0,0,0,0,0,0,0
-714,0,01911561,-0,2663109,0,8381541,-0,3008172,-0,5727757,1,31157,-0,1412016,0,3401476,0,8352469,-0,7115356,-0,1008364,1,425757
-729,0,0,0,0,0,0,0,0,0,0,0,0
-743,-0,005794284,-0,2802829,0,8413013,-0,2733422,-0,5990176,1,31841,-0,1595646,0,3456136,0,8454031,-0,7085354,-0,1246074,1,418822
-756,0,0,0,0,0,0,0,0,0,0,0,0
-772,-0,0119088,-0,2350045,0,8261582,-0,2621853,-0,5018657,1,268865,-0,1745131,0,3478237,0,8524097,-0,6793078,-0,1244212,1,410817
-784,0,0,0,0,0,0,0,0,0,0,0,0
-796,0,0,0,0,0,0,0,0,0,0,0,0
-810,-0,02044987,-0,2228369,0,8333497,-0,2498688,-0,4772212,1,271845,-0,257214,0,3411109,0,859094,-0,6643708,-0,1388943,1,405143
-822,0,0,0,0,0,0,0,0,0,0,0,0
-837,-0,08280073,-0,2329351,0,9299768,-0,252114,-0,4761224,1,262885,-0,3523951,0,3307694,0,8625375,-0,6344108,-0,1742252,1,3982
-850,0,0,0,0,0,0,0,0,0,0,0,0
-865,0,0,0,0,0,0,0,0,0,0,0,0
-881,-0,09482136,-0,1974899,1,019048,-0,2648436,-0,4293112,1,236935,-0,413069,0,3269478,0,8739459,-0,6063088,-0,1854587,1,398399
-893,0,0,0,0,0,0,0,0,0,0,0,0
-906,-0,09911929,-0,1329763,1,065442,-0,2692609,-0,3350609,1,202549,-0,427596,0,3306519,0,8940324,-0,5774215,-0,188882,1,400275
-918,0,0,0,0,0,0,0,0,0,0,0,0
-930,0,0,0,0,0,0,0,0,0,0,0,0
-943,-0,1445498,-0,1600443,1,185902,-0,2117537,-0,3290308,1,197244,-0,4225703,0,3348465,0,9254849,-0,5371072,-0,1804957,1,416675
-954,0,0,0,0,0,0,0,0,0,0,0,0
-968,-0,1937615,-0,2322465,1,174927,-0,2088413,-0,3343408,1,18384,-0,4520972,0,3348476,0,956956,-0,5152586,-0,1914795,1,410691
-984,0,0,0,0,0,0,0,0,0,0,0,0
-996,0,0,0,0,0,0,0,0,0,0,0,0
-10,-0,2215343,-0,1706018,1,02412,-0,22971,-0,2679816,1,180833,-0,4623259,0,3343913,0,9735763,-0,4970147,-0,2106256,1,394251
-31,0,0,0,0,0,0,0,0,0,0,0,0
-49,-0,2250217,-0,3217832,1,147047,-0,2284204,-0,2529399,1,178094,-0,4696814,0,3339502,0,986181,-0,4977503,-0,2207711,1,374621
-61,0,0,0,0,0,0,0,0,0,0,0,0
-74,-0,3193014,-0,3473111,1,146083,-0,2278823,-0,2438027,1,17588,-0,4294878,0,115396,0,9586614,-0,4963706,-0,2260119,1,366996
-86,0,0,0,0,0,0,0,0,0,0,0,0
-98,0,0,0,0,0,0,0,0,0,0,0,0
-111,-0,2271825,-0,3614646,1,268715,-0,2353153,-0,2477551,1,170444,-0,3555081,-0,1732515,0,8501399,-0,4950103,-0,2319271,1,361197
-123,0,0,0,0,0,0,0,0,0,0,0,0
-137,-0,2635871,-0,4558046,1,28016,-0,2396573,-0,2561263,1,168486,-0,2524246,-0,1202236,0,9662199,-0,4945503,-0,2366319,1,357227
-150,0,0,0,0,0,0,0,0,0,0,0,0
-163,0,0,0,0,0,0,0,0,0,0,0,0
-179,-0,2929384,-0,6214309,1,259893,-0,2588636,-0,2685404,1,173916,-0,2481341,-0,1294684,0,9766305,-0,494962,-0,2406456,1,35454
-194,0,0,0,0,0,0,0,0,0,0,0,0
-207,-0,3122345,-0,7133658,1,235012,-0,2766493,-0,2792859,1,183415,-0,2279588,-0,1708247,0,9895523,-0,4964238,-0,2443136,1,353082
-220,0,0,0,0,0,0,0,0,0,0,0,0
-232,0,0,0,0,0,0,0,0,0,0,0,0
-245,-0,312284,-0,7328506,1,213748,-0,3052084,-0,2870878,1,209264,-0,2979459,-0,1199136,0,9620805,-0,4906805,-0,2110529,1,356693
-256,0,0,0,0,0,0,0,0,0,0,0,0
-270,-0,3164486,-0,7300276,1,20596,-0,3056668,-0,2901552,1,202866,-0,2976556,-0,1288339,0,9692405,-0,4874,-0,1927522,1,358488
-282,0,0,0,0,0,0,0,0,0,0,0,0
-293,0,0,0,0,0,0,0,0,0,0,0,0
-307,-0,3166784,-0,7075891,1,21477,-0,3241688,-0,5820692,0,9865052,-0,3174006,-0,1146761,0,9678693,-0,4854611,-0,1816266,1,359747
-319,0,0,0,0,0,0,0,0,0,0,0,0
-336,-0,3141191,-0,6799557,1,220626,-0,3322291,-0,6603,0,9321859,-0,3243016,-0,109875,0,9689066,-0,4842642,-0,174561,1,360651
-350,0,0,0,0,0,0,0,0,0,0,0,0
-362,0,0,0,0,0,0,0,0,0,0,0,0
-375,-0,3162453,-0,6560989,1,22296,-0,3325274,-0,7110754,0,8935449,-0,3289893,-0,1065569,0,969728,-0,4834763,-0,1698439,1,361315
-386,0,0,0,0,0,0,0,0,0,0,0,0
-397,0,0,0,0,0,0,0,0,0,0,0,0
-411,-0,3177918,-0,6425645,1,224434,-0,3293223,-0,7109865,0,8924203,-0,3321438,-0,104209,0,9706534,-0,4829314,-0,1665728,1,361804
-422,0,0,0,0,0,0,0,0,0,0,0,0
-434,0,0,0,0,0,0,0,0,0,0,0,0
-448,-0,3177883,-0,6348726,1,226248,-0,3291537,-0,7122797,0,8927311,-0,3339281,-0,1026654,0,9717061,-0,4825836,-0,1643329,1,362258
-458,0,0,0,0,0,0,0,0,0,0,0,0
-472,-0,3175814,-0,6299952,1,227719,-0,328437,-0,7131686,0,8934275,-0,3345931,-0,1018144,0,9727662,-0,4824042,-0,1629939,1,362745
-484,0,0,0,0,0,0,0,0,0,0,0,0
-494,0,0,0,0,0,0,0,0,0,0,0,0
-508,-0,3168183,-0,6266285,1,229305,-0,3259882,-0,6926612,0,9093837,-0,33562,-0,1009816,0,9732323,-0,4823487,-0,1624565,1,363255
-519,0,0,0,0,0,0,0,0,0,0,0,0
-531,0,0,0,0,0,0,0,0,0,0,0,0
-544,-0,3155831,-0,6245415,1,230948,-0,3246317,-0,6789957,0,9206048,-0,3389807,-0,09892477,0,9726114,-0,4823753,-0,1626168,1,363766
-555,0,0,0,0,0,0,0,0,0,0,0,0
-569,-0,3149475,-0,623026,1,232331,-0,3247854,-0,6721048,0,9277705,-0,3407035,-0,09785191,0,9720922,-0,4975812,-0,202814,1,373633
-581,0,0,0,0,0,0,0,0,0,0,0,0
-592,0,0,0,0,0,0,0,0,0,0,0,0
-606,-0,3142132,-0,622565,1,233966,-0,3248011,-0,6683291,0,9323409,-0,3387801,-0,09817614,0,9706142,-0,5049708,-0,2224951,1,378415
-618,0,0,0,0,0,0,0,0,0,0,0,0
-629,0,0,0,0,0,0,0,0,0,0,0,0
-642,-0,3134303,-0,6229688,1,235713,-0,3245887,-0,6659968,0,935478,-0,3015513,-0,09071215,0,983682,-0,5091152,-0,2325367,1,381292
-654,0,0,0,0,0,0,0,0,0,0,0,0
-667,0,0,0,0,0,0,0,0,0,0,0,0
-680,-0,3130668,-0,6234076,1,237765,-0,3236869,-0,6650056,0,9378111,-0,2727693,-0,08629779,0,9888895,-0,5118085,-0,2389266,1,3831
-691,0,0,0,0,0,0,0,0,0,0,0,0
-704,0,0,0,0,0,0,0,0,0,0,0,0
-717,-0,3103363,-0,6323246,1,245012,-0,3100382,-0,6705403,0,9405716,-0,2923001,-0,07658139,0,978971,-0,5135109,-0,2430023,1,384246
-728,0,0,0,0,0,0,0,0,0,0,0,0
-743,-0,3024688,-0,6918148,1,250287,-0,268432,-0,4334685,1,109989,-0,2943249,-0,08195099,0,9747252,-0,514896,-0,2463273,1,384716
-754,0,0,0,0,0,0,0,0,0,0,0,0
-765,0,0,0,0,0,0,0,0,0,0,0,0
-780,-0,3021686,-0,7017781,1,251325,-0,2462506,-0,3574355,1,162414,-0,2934252,-0,08944861,0,9677556,-0,516026,-0,2489844,1,384507
-791,0,0,0,0,0,0,0,0,0,0,0,0
-804,-0,3019227,-0,7079225,1,253118,-0,2288546,-0,3032433,1,189987,-0,2587903,-0,1505061,0,9471905,-0,5168784,-0,2509769,1,38385
-816,0,0,0,0,0,0,0,0,0,0,0,0
-827,0,0,0,0,0,0,0,0,0,0,0,0
-841,-0,2917918,-0,7096819,1,266366,-0,1946783,-0,6731248,0,9893861,-0,2282861,-0,2023739,0,9369492,-0,5131183,-0,3094439,1,353787
-853,0,0,0,0,0,0,0,0,0,0,0,0
-864,0,0,0,0,0,0,0,0,0,0,0,0
-878,-0,2285951,-0,6915714,1,30176,-0,2772335,-0,6623114,1,119633,-0,204254,-0,2280826,0,9313865,-0,511776,-0,3330517,1,341828
-889,0,0,0,0,0,0,0,0,0,0,0,0
-902,0,0,0,0,0,0,0,0,0,0,0,0
-914,-0,2064718,-0,6760165,1,310065,-0,3506944,-0,7304626,1,146918,-0,1864987,-0,1800068,0,9005383,-0,5681354,-0,2724241,1,510173
-925,0,0,0,0,0,0,0,0,0,0,0,0
-939,-0,317157,-0,1409881,1,278503,-0,3693828,-0,7574846,1,1524,-0,1747461,-0,1750418,0,8917509,-0,5601004,-0,2499766,1,483745
-956,0,0,0,0,0,0,0,0,0,0,0,0
-968,0,0,0,0,0,0,0,0,0,0,0,0
-981,-0,3118863,-0,08094266,1,28535,-0,3612896,-0,7572624,1,15501,-0,1441961,-0,1955508,0,9080673,-0,5665492,-0,2234816,1,485113
-993,0,0,0,0,0,0,0,0,0,0,0,0
-7,-0,2788901,-0,3781279,1,106945,-0,3497826,-0,7638976,1,159528,-0,09750673,-0,2142303,0,9390354,-0,5740908,-0,2028452,1,466605
-19,0,0,0,0,0,0,0,0,0,0,0,0
-30,0,0,0,0,0,0,0,0,0,0,0,0
-44,-0,2774474,-0,3441607,1,095545,-0,3288476,-0,7548351,1,161061,-0,08652735,-0,2177564,0,9422934,-0,5831073,-0,1895242,1,439587
-57,0,0,0,0,0,0,0,0,0,0,0,0
-72,-0,2680206,-0,3828647,1,069692,-0,3081062,-0,7428048,1,16546,-0,0865186,-0,1528672,0,9463795,-0,5935174,-0,18288,1,414064
-83,0,0,0,0,0,0,0,0,0,0,0,0
-96,0,0,0,0,0,0,0,0,0,0,0,0
-112,-0,2343767,-0,4727792,1,083124,-0,2927246,-0,7337191,1,167965,-0,08494829,-0,1287254,0,9502664,-0,6041054,-0,1790259,1,392429
-127,0,0,0,0,0,0,0,0,0,0,0,0
-142,-0,141476,-0,4390265,1,094688,-0,2834268,-0,7267507,1,169561,-0,04169106,0,1462187,0,8856052,-0,6130059,-0,1750466,1,375211
-153,0,0,0,0,0,0,0,0,0,0,0,0
-166,0,0,0,0,0,0,0,0,0,0,0,0
-179,-0,1090712,-0,4643268,1,126938,-0,2760797,-0,7159008,1,168894,-0,003830646,0,1794655,0,859819,-0,6205844,-0,1697665,1,359921
-190,0,0,0,0,0,0,0,0,0,0,0,0
-205,-0,08131281,-0,4799823,1,138549,-0,2696882,-0,7059844,1,165735,0,01924086,0,1622934,0,8504516,-0,6271504,-0,1640157,1,34514
-216,0,0,0,0,0,0,0,0,0,0,0,0
-228,0,0,0,0,0,0,0,0,0,0,0,0
-243,-0,1100098,-0,5536139,1,20705,-0,2661943,-0,6991158,1,161857,0,07337318,0,1190327,0,8769842,-0,6326863,-0,1547364,1,324159
-255,0,0,0,0,0,0,0,0,0,0,0,0
-267,0,0,0,0,0,0,0,0,0,0,0,0
-280,0,01576238,-0,601611,1,019206,-0,2665029,-0,693882,1,157252,0,1267114,0,0768472,0,9119971,-0,6343909,-0,1440253,1,299469
-291,0,0,0,0,0,0,0,0,0,0,0,0
-305,0,06901487,-0,6423319,0,9977102,-0,2684675,-0,6895896,1,14887,0,1810906,0,02837487,0,9545204,-0,6311712,-0,1334668,1,274194
-317,0,0,0,0,0,0,0,0,0,0,0,0
-328,0,0,0,0,0,0,0,0,0,0,0,0
-342,0,1016304,-0,6606258,0,9858451,-0,2693835,-0,6859071,1,133044,0,2192077,-0,03710198,1,011326,-0,6194397,-0,1218254,1,241823
-353,0,0,0,0,0,0,0,0,0,0,0,0
-365,0,0,0,0,0,0,0,0,0,0,0,0
-379,0,1198744,-0,6726614,1,030679,-0,2619205,-0,6830636,1,111126,0,2378943,-0,09087214,1,075494,-0,6029006,-0,114561,1,211724
-390,0,0,0,0,0,0,0,0,0,0,0,0
-403,0,0,0,0,0,0,0,0,0,0,0,0
-415,0,1187101,-0,6823357,1,100726,-0,2496002,-0,6811073,1,09143,0,2399846,-0,1183349,1,130475,-0,5738084,-0,11132,1,176388
-427,0,0,0,0,0,0,0,0,0,0,0,0
-444,0,1102264,-0,6855177,1,163051,-0,2348373,-0,6799895,1,076066,0,2381908,-0,1263302,1,185957,-0,5431419,-0,110316,1,148237
-455,0,0,0,0,0,0,0,0,0,0,0,0
-468,0,0,0,0,0,0,0,0,0,0,0,0
-481,0,104619,-0,6872603,1,200549,-0,2176177,-0,6789731,1,063993,0,238298,-0,1432431,1,229752,-0,5000732,-0,1130541,1,116665
-493,0,0,0,0,0,0,0,0,0,0,0,0
-506,0,1033454,-0,688027,1,226229,-0,2009996,-0,6780065,1,055375,0,2380518,-0,1556662,1,261848,-0,4517863,-0,1191064,1,087513
-518,0,0,0,0,0,0,0,0,0,0,0,0
-529,0,0,0,0,0,0,0,0,0,0,0,0
-543,0,1034238,-0,6884627,1,241528,-0,183873,-0,6762713,1,0498,0,2291038,-0,1567546,1,295681,-0,4024427,-0,1254189,1,062386
-555,0,0,0,0,0,0,0,0,0,0,0,0
-567,0,0,0,0,0,0,0,0,0,0,0,0
-580,0,1041926,-0,6889981,1,251403,-0,1676332,-0,6745256,1,046681,0,2247375,-0,1636675,1,320336,-0,3510942,-0,1323402,1,038741
-591,0,0,0,0,0,0,0,0,0,0,0,0
-604,0,0,0,0,0,0,0,0,0,0,0,0
-617,0,1081474,-0,6876573,1,253306,-0,1590204,-0,6734744,1,044891,0,2225531,-0,1686216,1,335728,-0,298061,-0,1339676,1,018297
-629,0,0,0,0,0,0,0,0,0,0,0,0
-642,0,1174658,-0,6854204,1,246431,-0,1529159,-0,6728903,1,043891,0,2228868,-0,1767988,1,353748,-0,2438101,-0,1318346,0,9998629
-654,0,0,0,0,0,0,0,0,0,0,0,0
-665,0,0,0,0,0,0,0,0,0,0,0,0
-678,0,1248261,-0,6843789,1,23578,-0,1483892,-0,6726725,1,043771,0,2263308,-0,1903214,1,367606,-0,200101,-0,1251973,0,9862915
-690,0,0,0,0,0,0,0,0,0,0,0,0
-702,0,0,0,0,0,0,0,0,0,0,0,0
-714,0,1338485,-0,6844352,1,225031,-0,1444594,-0,6730693,1,044664,0,2281992,-0,1972942,1,374446,-0,150868,-0,1140521,0,9738462
-726,0,0,0,0,0,0,0,0,0,0,0,0
-740,0,1408976,-0,6857576,1,216613,-0,1423714,-0,673817,1,04601,0,230558,-0,1901856,1,384766,-0,09469883,-0,09786299,0,9650875
-751,0,0,0,0,0,0,0,0,0,0,0,0
-763,0,0,0,0,0,0,0,0,0,0,0,0
-776,0,1467571,-0,6876862,1,209951,-0,1415169,-0,6747859,1,047746,0,2343069,-0,1844966,1,393182,-0,0342423,-0,0869828,0,9580572
-787,0,0,0,0,0,0,0,0,0,0,0,0
-800,0,0,0,0,0,0,0,0,0,0,0,0
-813,0,152529,-0,6898083,1,205089,-0,1403983,-0,6755926,1,048791,0,2381634,-0,1783399,1,396596,0,01811814,-0,06834705,0,962923
-825,0,0,0,0,0,0,0,0,0,0,0,0
-838,0,0,0,0,0,0,0,0,0,0,0,0
-856,0,1581751,-0,6919525,1,201664,-0,1388514,-0,676362,1,049349,0,2428448,-0,1725257,1,395429,0,07296222,-0,05409247,0,9751695
-868,0,0,0,0,0,0,0,0,0,0,0,0
-881,0,1649927,-0,6942108,1,199381,-0,1368522,-0,6772332,1,049471,0,2527395,-0,1641464,1,385344,0,1294242,-0,04409949,0,9940179
-892,0,0,0,0,0,0,0,0,0,0,0,0
-906,0,1704807,-0,6959086,1,198534,-0,1289749,-0,67772,1,048288,0,2635573,-0,1609016,1,384018,0,1816782,-0,03264799,1,018521
-918,0,0,0,0,0,0,0,0,0,0,0,0
-929,0,0,0,0,0,0,0,0,0,0,0,0
-943,0,1770669,-0,6973996,1,199505,-0,1220144,-0,6774523,1,045939,0,2705263,-0,1585065,1,380069,0,2095063,-0,02430504,1,034749
-955,0,0,0,0,0,0,0,0,0,0,0,0
-966,0,0,0,0,0,0,0,0,0,0,0,0
-980,0,184705,-0,6986864,1,201727,-0,1144624,-0,6764344,1,040959,0,2874731,-0,1929816,1,358593,0,2327762,-0,008269312,1,060113
-991,0,0,0,0,0,0,0,0,0,0,0,0
-5,0,1909265,-0,699654,1,203436,-0,1079512,-0,6750506,1,035175,0,2998703,-0,2208298,1,341605,0,2445249,0,004140654,1,07725
-17,0,0,0,0,0,0,0,0,0,0,0,0
-28,0,0,0,0,0,0,0,0,0,0,0,0
-42,0,196623,-0,7002866,1,204734,-0,1004935,-0,6728263,1,025518,0,3053718,-0,230738,1,334294,0,2357465,0,02134117,1,095037
-53,0,0,0,0,0,0,0,0,0,0,0,0
-68,0,0,0,0,0,0,0,0,0,0,0,0
-82,0,2024025,-0,7008619,1,205766,-0,08730995,-0,670553,1,009676,0,3089951,-0,2364863,1,329887,0,2399205,0,02715552,1,103256
-93,0,0,0,0,0,0,0,0,0,0,0,0
-107,0,2089256,-0,7017578,1,206765,-0,07665571,-0,6692386,0,9962004,0,3121116,-0,2390519,1,325207,0,2429161,0,03098345,1,109328
-118,0,0,0,0,0,0,0,0,0,0,0,0
-129,0,0,0,0,0,0,0,0,0,0,0,0
-143,0,2146604,-0,7029921,1,207796,-0,07094588,-0,6687553,0,9868615,0,3153983,-0,2372943,1,317976,0,2445018,0,03283643,1,114132
-156,0,0,0,0,0,0,0,0,0,0,0,0
-168,0,0,0,0,0,0,0,0,0,0,0,0
-180,0,2244217,-0,7039484,1,209111,-0,06777778,-0,6683002,0,9795189,0,3171985,-0,2324706,1,309953,0,2441396,0,03173801,1,117905
-193,0,0,0,0,0,0,0,0,0,0,0,0
-208,0,2314575,-0,7050912,1,210013,-0,06651607,-0,6682037,0,9735903,0,3180086,-0,2274751,1,303286,0,2445463,0,02362353,1,120596
-219,0,0,0,0,0,0,0,0,0,0,0,0
-231,0,0,0,0,0,0,0,0,0,0,0,0
-245,0,2364219,-0,7060168,1,210311,-0,06604367,-0,668175,0,9691114,0,3180521,-0,2244301,1,29652,0,2430852,0,009987893,1,120845
-260,0,0,0,0,0,0,0,0,0,0,0,0
-272,0,2397622,-0,7066938,1,210012,-0,0661936,-0,6681133,0,9657428,0,3093807,-0,2038585,1,279848,0,2320729,-0,01369762,1,114171
-284,0,0,0,0,0,0,0,0,0,0,0,0
-296,0,0,0,0,0,0,0,0,0,0,0,0
-309,0,2424579,-0,7072864,1,20825,-0,06680591,-0,6680147,0,9632545,0,3026904,-0,1869649,1,267263,0,2173118,-0,03913027,1,102436
-321,0,0,0,0,0,0,0,0,0,0,0,0
-332,0,0,0,0,0,0,0,0,0,0,0,0
-346,0,2448194,-0,7078387,1,201242,-0,06801701,-0,6679116,0,9615379,0,295806,-0,1942731,1,222728,0,1977232,-0,06604931,1,082653
-357,0,0,0,0,0,0,0,0,0,0,0,0
-370,0,0,0,0,0,0,0,0,0,0,0,0
-382,0,2478442,-0,7076482,1,183726,-0,06976523,-0,6678183,0,9604385,0,2880827,-0,1803983,1,207769,0,1655135,-0,08870527,1,054155
-394,0,0,0,0,0,0,0,0,0,0,0,0
-407,0,2514401,-0,7061232,1,154775,-0,07288728,-0,6676698,0,9599276,0,2774507,-0,157916,1,194301,0,1354071,-0,1018148,1,026874
-419,0,0,0,0,0,0,0,0,0,0,0,0
-430,0,0,0,0,0,0,0,0,0,0,0,0
-445,0,2525485,-0,7041889,1,122002,-0,08892001,-0,6656626,0,9598299,0,2681528,-0,1576225,1,138941,0,09982506,-0,1087378,0,9915279
-456,0,0,0,0,0,0,0,0,0,0,0,0
-467,0,0,0,0,0,0,0,0,0,0,0,0
-480,0,2520382,-0,7027864,1,093346,-0,108575,-0,6633636,0,9591442,0,2585639,-0,1512402,1,081333,0,06546952,-0,1103695,0,9526613
-491,0,0,0,0,0,0,0,0,0,0,0,0
-505,0,2486541,-0,7013275,1,06714,-0,1271556,-0,6610768,0,9580913,0,2501479,-0,1317116,1,024913,0,03000914,-0,1013152,0,9079719
-517,0,0,0,0,0,0,0,0,0,0,0,0
-528,0,0,0,0,0,0,0,0,0,0,0,0
-541,0,244437,-0,6995368,1,045419,-0,1405285,-0,6597263,0,9570933,0,2419458,-0,09894729,0,9709262,-0,01238145,-0,07575846,0,8622825
-552,0,0,0,0,0,0,0,0,0,0,0,0
-564,0,0,0,0,0,0,0,0,0,0,0,0
-578,0,2379462,-0,6981036,1,026911,-0,1508904,-0,6586493,0,95601,0,2324542,-0,05703057,0,901042,-0,07421256,-0,008004718,0,8595079
-589,0,0,0,0,0,0,0,0,0,0,0,0
-602,0,0,0,0,0,0,0,0,0,0,0,0
-614,0,233179,-0,6972442,1,013831,-0,1664216,-0,6571981,0,9537901,0,2221498,-0,0003689956,0,8483102,-0,1255472,0,02847112,0,8117361
-625,0,0,0,0,0,0,0,0,0,0,0,0
-639,0,0,0,0,0,0,0,0,0,0,0,0
-651,0,2325687,-0,6948763,1,00035,-0,1773115,-0,6566257,0,9511654,0,2116344,0,0718819,0,8223222,-0,1004417,0,357685,1,196859
-663,0,0,0,0,0,0,0,0,0,0,0,0
-677,0,2346526,-0,6900498,0,9831312,-0,1870655,-0,6562245,0,9478242,0,2049484,0,1351927,0,7885749,-0,131409,0,4337196,1,184567
-688,0,0,0,0,0,0,0,0,0,0,0,0
-702,0,0,0,0,0,0,0,0,0,0,0,0
-720,0,2362825,-0,6866695,0,973824,-0,1986506,-0,6551115,0,9437416,0,1962314,0,2084319,0,7968895,-0,1049286,0,3965208,1,303503
-731,0,0,0,0,0,0,0,0,0,0,0,0
-746,0,2391968,-0,6828087,0,9670761,-0,2113249,-0,6532509,0,9394752,0,217351,0,2306244,0,8504775,-0,1399562,0,5078258,1,329463
-759,0,0,0,0,0,0,0,0,0,0,0,0
-772,0,2421125,-0,6789521,0,9624437,-0,2552485,-0,6416573,0,9341763,0,225411,0,3215566,0,8329589,-0,31374,0,3931733,0,9240177
-784,0,0,0,0,0,0,0,0,0,0,0,0
-796,0,0,0,0,0,0,0,0,0,0,0,0
-810,0,2436145,-0,6748881,0,9583853,-0,2678418,-0,6388838,0,9318294,0,2451744,0,3707968,0,8177348,-0,4189477,0,4713097,0,9503461
-823,0,0,0,0,0,0,0,0,0,0,0,0
-834,0,0,0,0,0,0,0,0,0,0,0,0
-847,0,2433696,-0,6700548,0,9543179,-0,2745669,-0,6375452,0,930332,0,3208643,0,4210618,0,8298585,-0,5145868,0,5042155,0,9024347
-859,0,0,0,0,0,0,0,0,0,0,0,0
-874,0,2267771,-0,6623669,0,9469013,-0,2752236,-0,6376089,0,9301971,0,3788033,0,4860278,0,86702,-0,5357112,0,5437297,0,9438599
-889,0,0,0,0,0,0,0,0,0,0,0,0
-902,0,0,0,0,0,0,0,0,0,0,0,0
-915,0,2063895,-0,652422,0,9424279,-0,2700261,-0,6372132,0,9321393,0,4184049,0,5415376,0,9249147,-0,5769396,0,5902331,0,9485595
-926,0,0,0,0,0,0,0,0,0,0,0,0
-939,0,0,0,0,0,0,0,0,0,0,0,0
-950,0,1836926,-0,6403869,0,9421109,-0,2644245,-0,632737,0,9359659,0,4166515,0,5610278,0,9165934,-0,5935586,0,6349596,1,000457
-962,0,0,0,0,0,0,0,0,0,0,0,0
-977,0,1587915,-0,6285767,0,9446065,-0,258455,-0,6264271,0,9407601,0,4182588,0,5776041,0,9143425,-0,5902502,0,6793981,1,090456
-988,0,0,0,0,0,0,0,0,0,0,0,0
-1,0,0,0,0,0,0,0,0,0,0,0,0
-13,0,1316666,-0,6134714,0,9513075,-0,2536777,-0,6175257,0,9464029,0,4177366,0,5301405,0,8967499,-0,588128,0,701961,1,158202
-25,0,0,0,0,0,0,0,0,0,0,0,0
-37,0,0,0,0,0,0,0,0,0,0,0,0
-50,0,1135914,-0,605743,0,9575599,-0,251779,-0,6109984,0,9518762,0,4259815,0,5376151,0,9276602,-0,5891682,0,7104741,1,198262
-61,0,0,0,0,0,0,0,0,0,0,0,0
-76,0,1011168,-0,6014263,0,9637591,-0,2501829,-0,6063959,0,9572306,0,4300334,0,5449211,0,9502714,-0,5914057,0,7126915,1,230157
-91,0,0,0,0,0,0,0,0,0,0,0,0
-103,0,0,0,0,0,0,0,0,0,0,0,0
-116,0,09134608,-0,5996355,0,9708174,-0,2489443,-0,6033459,0,9618538,0,4313216,0,5537263,0,9705912,-0,5915706,0,7120554,1,254238
-127,0,0,0,0,0,0,0,0,0,0,0,0
-141,0,08404311,-0,5999506,0,9795711,-0,2479419,-0,6016555,0,9668154,0,4306557,0,5631068,0,9887,-0,591944,0,7128379,1,270413
-153,0,0,0,0,0,0,0,0,0,0,0,0
-165,0,0,0,0,0,0,0,0,0,0,0,0
-179,0,07576743,-0,6036275,0,9936278,-0,247645,-0,6013653,0,9731606,0,4280861,0,5722519,1,002784,-0,5917459,0,7133411,1,282225
-191,0,0,0,0,0,0,0,0,0,0,0,0
-203,0,0,0,0,0,0,0,0,0,0,0,0
-216,0,06976447,-0,6068095,1,005571,-0,2487737,-0,6014661,0,9791749,0,4237639,0,5809909,1,019014,-0,6296288,0,6910089,1,27611
-228,0,0,0,0,0,0,0,0,0,0,0,0
-242,0,06531256,-0,6096423,1,015233,-0,2518302,-0,6022874,0,9861494,0,4189225,0,5888228,1,028723,-0,6487373,0,6790442,1,272384
-253,0,0,0,0,0,0,0,0,0,0,0,0
-265,0,0,0,0,0,0,0,0,0,0,0,0
-279,0,06190923,-0,6120932,1,022918,-0,2554561,-0,6036217,0,9927418,0,4142004,0,5944145,1,03602,-0,6599734,0,671782,1,269633
-293,0,0,0,0,0,0,0,0,0,0,0,0
-306,0,0,0,0,0,0,0,0,0,0,0,0
-318,0,05927809,-0,6140398,1,028576,-0,258956,-0,6053643,0,9989307,0,4087021,0,5989719,1,037835,-0,6667022,0,6675388,1,268599
-330,0,0,0,0,0,0,0,0,0,0,0,0
-344,0,05723507,-0,6152936,1,032442,-0,2614835,-0,606678,1,003747,0,4022486,0,6031133,1,035173,-0,6935875,0,6748664,1,207745
-356,0,0,0,0,0,0,0,0,0,0,0,0
-368,0,0,0,0,0,0,0,0,0,0,0,0
-380,0,05560501,-0,6161151,1,0351,-0,2640761,-0,6077273,1,007541,0,3926635,0,6094897,1,027404,-0,7064345,0,6742579,1,18139
-391,0,0,0,0,0,0,0,0,0,0,0,0
-404,0,0,0,0,0,0,0,0,0,0,0,0
-417,0,05429481,-0,6166547,1,036923,-0,2661459,-0,6085196,1,01029,0,3838873,0,6154725,1,019729,-0,7140983,0,6723205,1,166709
-428,0,0,0,0,0,0,0,0,0,0,0,0
-442,0,05287504,-0,616936,1,037873,-0,2681156,-0,6090646,1,012125,0,3763374,0,6205913,1,012878,-0,7190078,0,6711434,1,158134
-453,0,0,0,0,0,0,0,0,0,0,0,0
-465,0,0,0,0,0,0,0,0,0,0,0,0
-478,0,05058193,-0,616713,1,036985,-0,2697785,-0,6093997,1,013242,0,3703349,0,6243202,1,007363,-0,7224581,0,6703282,1,152406
-489,0,0,0,0,0,0,0,0,0,0,0,0
-505,0,0,0,0,0,0,0,0,0,0,0,0
-518,0,04815989,-0,6156986,1,034879,-0,2717155,-0,6094589,1,013488,0,3665523,0,6257952,1,005744,-0,7245678,0,6693671,1,149661
-529,0,0,0,0,0,0,0,0,0,0,0,0
-544,0,04462807,-0,6138808,1,030661,-0,2737466,-0,6090956,1,012671,0,3609743,0,624263,0,9994256,-0,7267435,0,6656424,1,148204
-561,0,0,0,0,0,0,0,0,0,0,0,0
-577,0,04118487,-0,6118218,1,025403,-0,2757704,-0,6084811,1,010808,0,3562474,0,6220249,0,993185,-0,7282484,0,6620334,1,148623
-588,0,0,0,0,0,0,0,0,0,0,0,0
-600,0,0,0,0,0,0,0,0,0,0,0,0
-614,0,03837205,-0,6098483,1,020048,-0,2778648,-0,6077209,1,007931,0,3518648,0,6185471,0,992742,-0,7293128,0,6595832,1,149231
-626,0,0,0,0,0,0,0,0,0,0,0,0
-639,0,0,0,0,0,0,0,0,0,0,0,0
-651,0,03599504,-0,6074851,1,014147,-0,2792678,-0,6068557,1,004485,0,3478925,0,6151139,0,9936438,-0,7066448,0,7073368,1,140944
-663,0,0,0,0,0,0,0,0,0,0,0,0
-677,0,03403109,-0,6051195,1,007998,-0,280719,-0,6058582,1,000463,0,3441155,0,6121497,0,9956192,-0,7043539,0,7137005,1,139967
-689,0,0,0,0,0,0,0,0,0,0,0,0
-700,0,0,0,0,0,0,0,0,0,0,0,0
-716,0,0329356,-0,6025045,0,9989951,-0,2814915,-0,6052254,0,996033,0,3401969,0,609697,0,9971655,-0,6615213,0,7076821,1,208486
-728,0,0,0,0,0,0,0,0,0,0,0,0
-745,0,03290323,-0,5999325,0,9897754,-0,281298,-0,6046631,0,9916535,0,3242419,0,5533546,0,9355892,-0,6454353,0,6990692,1,234337
-756,0,0,0,0,0,0,0,0,0,0,0,0
-768,0,0,0,0,0,0,0,0,0,0,0,0
-781,0,03243337,-0,597874,0,9815201,-0,2815204,-0,6041991,0,9878697,0,3210861,0,5437141,0,9304795,-0,6390387,0,6924488,1,24366
-792,0,0,0,0,0,0,0,0,0,0,0,0
-804,0,0,0,0,0,0,0,0,0,0,0,0
-817,0,03234601,-0,5956581,0,9744258,-0,2812396,-0,6036571,0,9843218,0,3165275,0,5314869,0,9173266,-0,6476849,0,6745287,1,233651
-829,0,0,0,0,0,0,0,0,0,0,0,0
-843,0,03103261,-0,592467,0,9659896,-0,2805017,-0,6027195,0,980987,0,3121344,0,5235126,0,9069151,-0,6967024,0,6596246,1,169204
-854,0,0,0,0,0,0,0,0,0,0,0,0
-866,0,0,0,0,0,0,0,0,0,0,0,0
-880,0,02956425,-0,5888708,0,9562921,-0,2797675,-0,6018017,0,9780737,0,3050464,0,5184447,0,8951876,-0,7146168,0,6407458,1,141963
-892,0,0,0,0,0,0,0,0,0,0,0,0
-905,0,0,0,0,0,0,0,0,0,0,0,0
-921,0,02926065,-0,5827432,0,938574,-0,2794507,-0,6011358,0,975749,0,2979586,0,5166919,0,8858761,-0,7215581,0,6242452,1,122401
-933,0,0,0,0,0,0,0,0,0,0,0,0
-946,0,03022804,-0,5762324,0,9199838,-0,2791983,-0,6006247,0,9739115,0,2911001,0,5148656,0,8775194,-0,7236676,0,6071249,1,0996
-958,0,0,0,0,0,0,0,0,0,0,0,0
-970,0,0,0,0,0,0,0,0,0,0,0,0
-983,0,03212723,-0,5704119,0,9044318,-0,2789914,-0,6002048,0,972468,0,2817176,0,5115573,0,8670669,-0,7243268,0,582066,1,061462
-993,0,0,0,0,0,0,0,0,0,0,0,0
-6,0,0,0,0,0,0,0,0,0,0,0,0
-19,0,03415034,-0,5658054,0,892574,-0,278501,-0,5999569,0,9713531,0,2726061,0,5041104,0,8564005,-0,7171795,0,5555623,1,004333
-30,0,0,0,0,0,0,0,0,0,0,0,0
-44,0,03597054,-0,5625293,0,8838419,-0,2769776,-0,6000254,0,9702248,0,2644946,0,5007895,0,8474486,-0,6627238,0,4885875,0,8664097
-55,0,0,0,0,0,0,0,0,0,0,0,0
-68,0,0,0,0,0,0,0,0,0,0,0,0
-83,0,03784082,-0,5600626,0,8774362,-0,2745955,-0,6002805,0,9691307,0,2723001,0,4728545,0,8477358,-0,6059101,0,43001,0,7624633
-94,0,0,0,0,0,0,0,0,0,0,0,0
-106,0,0,0,0,0,0,0,0,0,0,0,0
-122,0,0395663,-0,5585961,0,87297,-0,2706272,-0,6010869,0,9683301,0,2747977,0,4002042,0,8328317,-0,5150179,0,3569242,0,6731281
-133,0,0,0,0,0,0,0,0,0,0,0,0
-147,0,04262395,-0,559027,0,8696507,-0,266641,-0,6031135,0,968186,0,2713967,0,3516522,0,808359,-0,4314544,0,2934659,0,620752
-159,0,0,0,0,0,0,0,0,0,0,0,0
-172,0,04911043,-0,5643637,0,8681432,-0,263171,-0,6068117,0,9688097,0,2054562,0,2858621,0,7669982,-0,4269113,0,2550932,0,6413403
-184,0,0,0,0,0,0,0,0,0,0,0,0
-195,0,0,0,0,0,0,0,0,0,0,0,0
-211,0,0607041,-0,5785408,0,867799,-0,2621803,-0,6164711,0,9708248,0,1407261,0,2475481,0,8269008,-0,343686,0,2274247,0,8052858
-222,0,0,0,0,0,0,0,0,0,0,0,0
-235,0,0,0,0,0,0,0,0,0,0,0,0
-249,0,09995139,-0,6678106,0,8331776,-0,2621625,-0,6978626,0,9738784,0,1148159,0,2066788,0,8404458,-0,1829045,0,1543401,0,7563372
-260,0,0,0,0,0,0,0,0,0,0,0,0
-271,0,0,0,0,0,0,0,0,0,0,0,0
-284,0,1022027,-0,6799629,0,8327638,-0,2592958,-0,7095419,0,9722462,0,1130568,0,20522,0,8774434,-0,4629429,0,2902111,0,7173382
-296,0,0,0,0,0,0,0,0,0,0,0,0
-309,0,1098581,-0,6802385,0,8309361,-0,2554613,-0,7121446,0,9700112,0,1284837,0,1014609,0,8348551,-0,1930999,0,05949626,0,8038926
-323,0,0,0,0,0,0,0,0,0,0,0,0
-336,0,0,0,0,0,0,0,0,0,0,0,0
-348,0,1111078,-0,678739,0,8295774,-0,2586506,-0,7056511,0,9685563,0,177467,0,04706622,0,7914793,-0,2027212,-0,005622394,0,8087638
-359,0,0,0,0,0,0,0,0,0,0,0,0
-372,0,0,0,0,0,0,0,0,0,0,0,0
-390,0,1144409,-0,671499,0,8247653,-0,2616405,-0,6950114,0,9648895,0,171111,0,008533644,0,7761063,-0,1882174,-0,1003323,0,8291164
-402,0,0,0,0,0,0,0,0,0,0,0,0
-416,0,1216649,-0,6620358,0,8166124,-0,1659077,-0,5298317,0,985974,0,1680005,-0,01688856,0,767512,-0,1872799,-0,1216009,0,8627703
-426,0,0,0,0,0,0,0,0,0,0,0,0
-439,0,0,0,0,0,0,0,0,0,0,0,0
-451,0,1251068,-0,6597177,0,8126957,-0,1164019,-0,4576332,0,9924865,0,08006407,-0,001128295,0,8613049,-0,1626766,-0,2241065,0,8748619
-464,0,0,0,0,0,0,0,0,0,0,0,0
-477,0,1314448,-0,6595346,0,8081654,-0,09806907,-0,6141901,0,9397957,0,04810143,0,004581079,0,8970475,-0,1570807,-0,281969,0,8841386
-489,0,0,0,0,0,0,0,0,0,0,0,0
-501,0,0,0,0,0,0,0,0,0,0,0,0
-514,0,1573294,-0,6685644,0,7947185,-0,09559032,-0,6517791,0,9302988,0,02544113,-0,002154977,0,9128177,-0,164743,-0,2939133,0,903458
-526,0,0,0,0,0,0,0,0,0,0,0,0
-539,0,0,0,0,0,0,0,0,0,0,0,0
-550,0,2069819,-0,7102879,0,7765546,-0,1290488,-0,7486637,0,9103447,0,01093373,-0,03564657,0,9331773,-0,179435,-0,3088177,0,9424086
-562,0,0,0,0,0,0,0,0,0,0,0,0
-574,0,0,0,0,0,0,0,0,0,0,0,0
-586,0,2301699,-0,7888477,0,7710151,-0,170178,-0,8511693,0,8961912,0,01056728,-0,05658167,0,9349239,-0,181953,-0,3647501,0,9707252
-598,0,0,0,0,0,0,0,0,0,0,0,0
-611,0,2406032,-0,8474346,0,7579455,-0,2240403,-0,9325179,0,895391,0,01343898,-0,08117634,0,9292588,-0,1858808,-0,4704998,1,026388
-622,0,0,0,0,0,0,0,0,0,0,0,0
-635,0,0,0,0,0,0,0,0,0,0,0,0
-648,0,2514642,-0,8710676,0,7507825,-0,2515178,-0,9649975,0,9074486,0,02845843,-0,1346924,0,9088997,-0,1946401,-0,4940572,1,061438
-659,0,0,0,0,0,0,0,0,0,0,0,0
-670,0,0,0,0,0,0,0,0,0,0,0,0
-684,0,2532644,-0,9013345,0,7512069,-0,2709307,-0,9887401,0,9109691,0,03682303,-0,1725156,0,8968422,-0,2005237,-0,5488343,1,100786
-696,0,0,0,0,0,0,0,0,0,0,0,0
-709,0,1593888,-0,9645357,0,7768688,-0,2595014,-1,004286,0,9122475,0,04358813,-0,2002276,0,8886385,-0,2026044,-0,5719333,1,117083
-721,0,0,0,0,0,0,0,0,0,0,0,0
-731,0,0,0,0,0,0,0,0,0,0,0,0
-745,0,1072142,-0,9975572,0,7924203,-0,2095811,-1,00559,0,9035581,0,0462459,-0,2126775,0,8897715,-0,2037366,-0,5872778,1,127679
-757,0,0,0,0,0,0,0,0,0,0,0,0
-769,0,0,0,0,0,0,0,0,0,0,0,0
-782,0,07871906,-1,015416,0,8050933,-0,1093278,-0,9882243,0,8423774,0,04716155,-0,2202777,0,8915346,-0,2039149,-0,5978491,1,13414
-794,0,0,0,0,0,0,0,0,0,0,0,0
-807,0,06323985,-1,025572,0,812274,-0,05466017,-0,9790408,0,8139321,0,04681744,-0,2236542,0,8947158,-0,2026448,-0,6024795,1,135287
-819,0,0,0,0,0,0,0,0,0,0,0,0
-830,0,0,0,0,0,0,0,0,0,0,0,0
-844,0,05641998,-1,029215,0,8171372,-0,03018513,-0,9743729,0,7999598,0,08537377,-0,2120456,0,9531744,-0,1862247,-0,5591993,1,101254
-871,0,0,0,0,0,0,0,0,0,0,0,0
-889,0,06030252,-1,025699,0,8191352,-0,01525474,-0,9711005,0,7906055,0,1023193,-0,2061716,0,9788258,-0,1784613,-0,5384813,1,084586
-909,0,06785172,-1,026053,0,8292559,-0,008339137,-0,9699715,0,7815326,0,1107267,-0,203495,0,9914818,-0,1624767,-0,5640796,1,066304
-923,0,0,0,0,0,0,0,0,0,0,0,0
-937,0,0,0,0,0,0,0,0,0,0,0,0
-952,0,09089782,-1,024721,0,8284025,-0,007294971,-0,9730206,0,7692002,0,1158078,-0,2023938,0,9991021,-0,1525507,-0,5814355,1,054973
-966,0,0,0,0,0,0,0,0,0,0,0,0
-982,0,1088674,-1,024231,0,8270227,-0,007888921,-0,9755524,0,7595038,0,1191213,-0,2015723,1,004146,-0,1468655,-0,5925519,1,047852
-997,0,0,0,0,0,0,0,0,0,0,0,0
-13,0,1888982,-0,9773088,0,7528531,-0,1815005,-0,9755606,0,8510833,0,1201011,-0,2010094,1,006106,-0,1433458,-0,6002703,1,042346
-27,0,0,0,0,0,0,0,0,0,0,0,0
-42,0,2363141,-0,9539251,0,7128819,-0,2379383,-0,9755906,0,8571222,0,1183777,-0,2010376,1,004851,-0,141161,-0,6060618,1,037739
-54,0,0,0,0,0,0,0,0,0,0,0,0
-66,0,0,0,0,0,0,0,0,0,0,0,0
-81,0,2574071,-0,9439108,0,6974406,-0,2713898,-0,9745708,0,8609155,0,1150208,-0,2015667,1,001686,-0,1400032,-0,6101099,1,034066
-110,0,2702028,-0,9378795,0,687753,-0,293018,-0,9720937,0,8510253,0,1094238,-0,2030076,0,9968879,-0,1398629,-0,6131717,1,03078
-129,0,0,0,0,0,0,0,0,0,0,0,0
-150,0,276135,-0,9363765,0,6830199,-0,3014098,-0,9697162,0,8282408,0,1033346,-0,2050217,0,9919126,-0,140894,-0,6156178,1,027517
-162,0,0,0,0,0,0,0,0,0,0,0,0
-182,0,2712276,-0,9434031,0,6866528,-0,2918572,-0,9694849,0,7888741,0,09501248,-0,2081013,0,9861689,-0,1433431,-0,6180773,1,023645
-201,0,0,0,0,0,0,0,0,0,0,0,0
-216,0,2598095,-0,9542407,0,6937058,-0,2876346,-0,9692599,0,761545,0,08676826,-0,2110116,0,9813158,-0,1474506,-0,6212201,1,01892
-228,0,0,0,0,0,0,0,0,0,0,0,0
-248,0,2581462,-0,9586683,0,6980501,-0,2881339,-0,970858,0,7518178,0,07850742,-0,2135838,0,9772246,-0,1524602,-0,6246163,1,014066
-261,0,0,0,0,0,0,0,0,0,0,0,0
-273,0,0,0,0,0,0,0,0,0,0,0,0
-285,0,2557075,-0,9612544,0,701443,-0,3307592,-0,9524331,0,7123384,0,07013132,-0,2161226,0,9738078,-0,1584862,-0,6287685,1,009079
-298,0,0,0,0,0,0,0,0,0,0,0,0
-325,0,2535315,-0,9629714,0,7034826,-0,3342863,-0,9526279,0,7042784,0,06293575,-0,2180466,0,9713137,-0,1647157,-0,6333469,1,004376
-339,0,2505305,-0,9646705,0,7050103,-0,3192239,-0,9624512,0,7064152,0,05629605,-0,2197098,0,9693103,-0,1705416,-0,6377735,1,00023
-357,0,0,0,0,0,0,0,0,0,0,0,0
-369,0,0,0,0,0,0,0,0,0,0,0,0
-389,0,2478554,-0,9660236,0,7061585,-0,3104143,-0,9689555,0,7082937,0,05078354,-0,2210789,0,9678361,-0,1756065,-0,6416713,0,9967549
-409,0,2632919,-0,9557635,0,699706,-0,3607416,-0,9741456,0,7366278,0,02241187,-0,2318245,0,9639497,-0,1801527,-0,6451908,0,993786
-421,0,0,0,0,0,0,0,0,0,0,0,0
-431,0,0,0,0,0,0,0,0,0,0,0,0
-445,0,2714149,-0,95158,0,6963626,-0,3924493,-0,9737242,0,7516997,0,006898588,-0,2381747,0,9617878,-0,1844596,-0,6485488,0,9910573
-457,0,0,0,0,0,0,0,0,0,0,0,0
-468,0,0,0,0,0,0,0,0,0,0,0,0
-481,0,1876214,-0,9871117,0,6969029,-0,3967776,-0,9772452,0,7491953,0,000863546,-0,2642492,0,9571673,-0,1881948,-0,6514565,0,9886895
-493,0,0,0,0,0,0,0,0,0,0,0,0
-505,0,0,0,0,0,0,0,0,0,0,0,0
-518,0,1492994,-1,002196,0,7022256,-0,3934719,-0,9795274,0,7425981,-0,01247151,-0,269349,0,955788,-0,1913497,-0,6538001,0,98672
-529,0,0,0,0,0,0,0,0,0,0,0,0
-542,0,0,0,0,0,0,0,0,0,0,0,0
-554,0,1343337,-1,008336,0,7032534,-0,3779371,-0,9883764,0,7357548,-0,02132358,-0,2721004,0,9550172,-0,1944731,-0,6560227,0,9848393
-566,0,0,0,0,0,0,0,0,0,0,0,0
-581,0,1246631,-1,012239,0,7039319,-0,3735542,-0,9897108,0,7254777,-0,02766262,-0,2734957,0,9545849,-0,1972089,-0,6579083,0,9831842
-601,0,0,0,0,0,0,0,0,0,0,0,0
-625,0,1188355,-1,014237,0,7056359,-0,3718501,-0,9898401,0,7220117,-0,03231504,-0,2739759,0,9543759,-0,1999603,-0,6598358,0,9814344
-638,0,0,0,0,0,0,0,0,0,0,0,0
-651,0,1147321,-1,015345,0,7060748,-0,3693906,-0,990617,0,7201732,-0,03573115,-0,2737773,0,9543257,-0,2024266,-0,6615641,0,9797792
-664,0,0,0,0,0,0,0,0,0,0,0,0
-678,0,2058498,-0,9845522,0,7040573,-0,431675,-0,953955,0,7166092,-0,0381229,-0,2732857,0,9543514,-0,204685,-0,6632413,0,9781519
-689,0,0,0,0,0,0,0,0,0,0,0,0
-702,0,0,0,0,0,0,0,0,0,0,0,0
-715,0,2571716,-0,9681148,0,7025025,-0,4596329,-0,937203,0,7141153,-0,03979284,-0,2727827,0,9543817,-0,2070373,-0,6651129,0,97642
-728,0,0,0,0,0,0,0,0,0,0,0,0
-739,0,0,0,0,0,0,0,0,0,0,0,0
-752,0,2741267,-0,963511,0,7035155,-0,472409,-0,9276828,0,7096584,-0,0409447,-0,2722809,0,9544156,-0,2092019,-0,6669202,0,97477
-763,0,0,0,0,0,0,0,0,0,0,0,0
-776,0,2848752,-0,9606264,0,704065,-0,4802002,-0,9216262,0,7053907,-0,04200374,-0,2721466,0,9543809,-0,211308,-0,6688334,0,973083
-787,0,0,0,0,0,0,0,0,0,0,0,0
-799,0,0,0,0,0,0,0,0,0,0,0,0
-812,0,2923459,-0,9584115,0,7051075,-0,4670247,-0,929267,0,6907679,-0,0428708,-0,2721257,0,954336,-0,213284,-0,6706758,0,9714614
-824,0,0,0,0,0,0,0,0,0,0,0,0
-834,0,0,0,0,0,0,0,0,0,0,0,0
-849,0,2977248,-0,9562424,0,7060547,-0,4421516,-0,9447381,0,6773728,-0,04361008,-0,2721777,0,9542828,-0,2149773,-0,6723495,0,9699669
-860,0,0,0,0,0,0,0,0,0,0,0,0
-872,0,0,0,0,0,0,0,0,0,0,0,0
-884,0,2996335,-0,9548282,0,7083046,-0,4241295,-0,9543636,0,6666639,-0,04431431,-0,2722828,0,9542193,-0,2164656,-0,6738536,0,9685859
-896,0,0,0,0,0,0,0,0,0,0,0,0
-909,0,2978906,-0,9545062,0,7123168,-0,4106854,-0,9603174,0,6578134,-0,04498731,-0,2724328,0,9541498,-0,2177154,-0,6751449,0,9673611
-922,0,0,0,0,0,0,0,0,0,0,0,0
-932,0,0,0,0,0,0,0,0,0,0,0,0
-946,0,294239,-0,9551904,0,7166422,-0,3958356,-0,9645961,0,6472722,-0,04564113,-0,2726155,0,9540743,-0,2187923,-0,6762789,0,9662561
-965,0,0,0,0,0,0,0,0,0,0,0,0
-985,0,2877201,-0,9569718,0,7214326,-0,3805728,-0,9256448,0,5717034,-0,04628158,-0,2728256,0,9539967,-0,2197204,-0,6772867,0,9652405
-997,0,0,0,0,0,0,0,0,0,0,0,0
-9,0,2814711,-0,958433,0,7248482,-0,3706045,-0,9183592,0,5533067,-0,04692553,-0,2730905,0,9539152,-0,2204975,-0,6781216,0,9643446
-20,0,0,0,0,0,0,0,0,0,0,0,0
-32,0,0,0,0,0,0,0,0,0,0,0,0
