time, hip-centerX,Y,Z,W,spineX,Y,Z,W,shoulder-centerX,Y,Z,W,headX,Y,Z,W,shoulder-leftX,Y,Z,W,elbow-leftX,Y,Z,W,wrist-leftX,Y,Z,W,hand-leftX,Y,Z,W,shoulder-rightX,Y,Z,W,elbow-rightX,Y,Z,W,wrist-rightX,Y,Z,W,hand-rightX,Y,Z,W,hip-leftX,Y,Z,W,knee-leftX,Y,Z,W,ankle-leftX,Y,Z,W,foot-leftX,Y,Z,W,hip-rightX,Y,Z,W,knee-rightX,Y,Z,W,ankle-rightX,Y,Z,W,foot-rightX,Y,Z,W
1607518466,0,0,0,0,0,0,0,0,0,0,0,0,0,0,0,0,0,0,0,0,0,0,0,0,0,0,0,0,0,0,0,0,0,0,0,0,0,0,0,0,0,0,0,0,0,0,0,0,0,0,0,0,0,0,0,0,0,0,0,0,0,0,0,0,0,0,0,0,0,0,0,0,0,0,0,0,0,0,0,0,
1607518466,0,0,0,0,0,0,0,0,0,0,0,0,0,0,0,0,0,0,0,0,0,0,0,0,0,0,0,0,0,0,0,0,0,0,0,0,0,0,0,0,0,0,0,0,0,0,0,0,0,0,0,0,0,0,0,0,0,0,0,0,0,0,0,0,0,0,0,0,0,0,0,0,0,0,0,0,0,0,0,0,
1607518466,0,0,0,0,0,0,0,0,0,0,0,0,0,0,0,0,0,0,0,0,0,0,0,0,0,0,0,0,0,0,0,0,0,0,0,0,0,0,0,0,0,0,0,0,0,0,0,0,0,0,0,0,0,0,0,0,0,0,0,0,0,0,0,0,0,0,0,0,0,0,0,0,0,0,0,0,0,0,0,0,
1607518466,0,0,0,0,0,0,0,0,0,0,0,0,0,0,0,0,0,0,0,0,0,0,0,0,0,0,0,0,0,0,0,0,0,0,0,0,0,0,0,0,0,0,0,0,0,0,0,0,0,0,0,0,0,0,0,0,0,0,0,0,0,0,0,0,0,0,0,0,0,0,0,0,0,0,0,0,0,0,0,0,
1607518466,0,0,0,0,0,0,0,0,0,0,0,0,0,0,0,0,0,0,0,0,0,0,0,0,0,0,0,0,0,0,0,0,0,0,0,0,0,0,0,0,0,0,0,0,0,0,0,0,0,0,0,0,0,0,0,0,0,0,0,0,0,0,0,0,0,0,0,0,0,0,0,0,0,0,0,0,0,0,0,0,
1607518466,0,0,0,0,0,0,0,0,0,0,0,0,0,0,0,0,0,0,0,0,0,0,0,0,0,0,0,0,0,0,0,0,0,0,0,0,0,0,0,0,0,0,0,0,0,0,0,0,0,0,0,0,0,0,0,0,0,0,0,0,0,0,0,0,0,0,0,0,0,0,0,0,0,0,0,0,0,0,0,0,
1607518466,0,0,0,0,0,0,0,0,0,0,0,0,0,0,0,0,0,0,0,0,0,0,0,0,0,0,0,0,0,0,0,0,0,0,0,0,0,0,0,0,0,0,0,0,0,0,0,0,0,0,0,0,0,0,0,0,0,0,0,0,0,0,0,0,0,0,0,0,0,0,0,0,0,0,0,0,0,0,0,0,
1607518466,0,0,0,0,0,0,0,0,0,0,0,0,0,0,0,0,0,0,0,0,0,0,0,0,0,0,0,0,0,0,0,0,0,0,0,0,0,0,0,0,0,0,0,0,0,0,0,0,0,0,0,0,0,0,0,0,0,0,0,0,0,0,0,0,0,0,0,0,0,0,0,0,0,0,0,0,0,0,0,0,
1607518466,0,0,0,0,0,0,0,0,0,0,0,0,0,0,0,0,0,0,0,0,0,0,0,0,0,0,0,0,0,0,0,0,0,0,0,0,0,0,0,0,0,0,0,0,0,0,0,0,0,0,0,0,0,0,0,0,0,0,0,0,0,0,0,0,0,0,0,0,0,0,0,0,0,0,0,0,0,0,0,0,
1607518466,0,0,0,0,0,0,0,0,0,0,0,0,0,0,0,0,0,0,0,0,0,0,0,0,0,0,0,0,0,0,0,0,0,0,0,0,0,0,0,0,0,0,0,0,0,0,0,0,0,0,0,0,0,0,0,0,0,0,0,0,0,0,0,0,0,0,0,0,0,0,0,0,0,0,0,0,0,0,0,0,
1607518466,0,0,0,0,0,0,0,0,0,0,0,0,0,0,0,0,0,0,0,0,0,0,0,0,0,0,0,0,0,0,0,0,0,0,0,0,0,0,0,0,0,0,0,0,0,0,0,0,0,0,0,0,0,0,0,0,0,0,0,0,0,0,0,0,0,0,0,0,0,0,0,0,0,0,0,0,0,0,0,0,
1607518466,0,0,0,0,0,0,0,0,0,0,0,0,0,0,0,0,0,0,0,0,0,0,0,0,0,0,0,0,0,0,0,0,0,0,0,0,0,0,0,0,0,0,0,0,0,0,0,0,0,0,0,0,0,0,0,0,0,0,0,0,0,0,0,0,0,0,0,0,0,0,0,0,0,0,0,0,0,0,0,0,
1607518466,0,0,0,0,0,0,0,0,0,0,0,0,0,0,0,0,0,0,0,0,0,0,0,0,0,0,0,0,0,0,0,0,0,0,0,0,0,0,0,0,0,0,0,0,0,0,0,0,0,0,0,0,0,0,0,0,0,0,0,0,0,0,0,0,0,0,0,0,0,0,0,0,0,0,0,0,0,0,0,0,
1607518466,0,0,0,0,0,0,0,0,0,0,0,0,0,0,0,0,0,0,0,0,0,0,0,0,0,0,0,0,0,0,0,0,0,0,0,0,0,0,0,0,0,0,0,0,0,0,0,0,0,0,0,0,0,0,0,0,0,0,0,0,0,0,0,0,0,0,0,0,0,0,0,0,0,0,0,0,0,0,0,0,
1607518466,0,0,0,0,0,0,0,0,0,0,0,0,0,0,0,0,0,0,0,0,0,0,0,0,0,0,0,0,0,0,0,0,0,0,0,0,0,0,0,0,0,0,0,0,0,0,0,0,0,0,0,0,0,0,0,0,0,0,0,0,0,0,0,0,0,0,0,0,0,0,0,0,0,0,0,0,0,0,0,0,
1607518466,0,0,0,0,0,0,0,0,0,0,0,0,0,0,0,0,0,0,0,0,0,0,0,0,0,0,0,0,0,0,0,0,0,0,0,0,0,0,0,0,0,0,0,0,0,0,0,0,0,0,0,0,0,0,0,0,0,0,0,0,0,0,0,0,0,0,0,0,0,0,0,0,0,0,0,0,0,0,0,0,
1607518466,0,0,0,0,0,0,0,0,0,0,0,0,0,0,0,0,0,0,0,0,0,0,0,0,0,0,0,0,0,0,0,0,0,0,0,0,0,0,0,0,0,0,0,0,0,0,0,0,0,0,0,0,0,0,0,0,0,0,0,0,0,0,0,0,0,0,0,0,0,0,0,0,0,0,0,0,0,0,0,0,
1607518466,0,0,0,0,0,0,0,0,0,0,0,0,0,0,0,0,0,0,0,0,0,0,0,0,0,0,0,0,0,0,0,0,0,0,0,0,0,0,0,0,0,0,0,0,0,0,0,0,0,0,0,0,0,0,0,0,0,0,0,0,0,0,0,0,0,0,0,0,0,0,0,0,0,0,0,0,0,0,0,0,
1607518466,0,0,0,0,0,0,0,0,0,0,0,0,0,0,0,0,0,0,0,0,0,0,0,0,0,0,0,0,0,0,0,0,0,0,0,0,0,0,0,0,0,0,0,0,0,0,0,0,0,0,0,0,0,0,0,0,0,0,0,0,0,0,0,0,0,0,0,0,0,0,0,0,0,0,0,0,0,0,0,0,
1607518466,0,0,0,0,0,0,0,0,0,0,0,0,0,0,0,0,0,0,0,0,0,0,0,0,0,0,0,0,0,0,0,0,0,0,0,0,0,0,0,0,0,0,0,0,0,0,0,0,0,0,0,0,0,0,0,0,0,0,0,0,0,0,0,0,0,0,0,0,0,0,0,0,0,0,0,0,0,0,0,0,
1607518466,0,0,0,0,0,0,0,0,0,0,0,0,0,0,0,0,0,0,0,0,0,0,0,0,0,0,0,0,0,0,0,0,0,0,0,0,0,0,0,0,0,0,0,0,0,0,0,0,0,0,0,0,0,0,0,0,0,0,0,0,0,0,0,0,0,0,0,0,0,0,0,0,0,0,0,0,0,0,0,0,
1607518466,0,0,0,0,0,0,0,0,0,0,0,0,0,0,0,0,0,0,0,0,0,0,0,0,0,0,0,0,0,0,0,0,0,0,0,0,0,0,0,0,0,0,0,0,0,0,0,0,0,0,0,0,0,0,0,0,0,0,0,0,0,0,0,0,0,0,0,0,0,0,0,0,0,0,0,0,0,0,0,0,
1607518466,0,0,0,0,0,0,0,0,0,0,0,0,0,0,0,0,0,0,0,0,0,0,0,0,0,0,0,0,0,0,0,0,0,0,0,0,0,0,0,0,0,0,0,0,0,0,0,0,0,0,0,0,0,0,0,0,0,0,0,0,0,0,0,0,0,0,0,0,0,0,0,0,0,0,0,0,0,0,0,0,
1607518466,0,0,0,0,0,0,0,0,0,0,0,0,0,0,0,0,0,0,0,0,0,0,0,0,0,0,0,0,0,0,0,0,0,0,0,0,0,0,0,0,0,0,0,0,0,0,0,0,0,0,0,0,0,0,0,0,0,0,0,0,0,0,0,0,0,0,0,0,0,0,0,0,0,0,0,0,0,0,0,0,
1607518466,0,0,0,0,0,0,0,0,0,0,0,0,0,0,0,0,0,0,0,0,0,0,0,0,0,0,0,0,0,0,0,0,0,0,0,0,0,0,0,0,0,0,0,0,0,0,0,0,0,0,0,0,0,0,0,0,0,0,0,0,0,0,0,0,0,0,0,0,0,0,0,0,0,0,0,0,0,0,0,0,
1607518466,0,0,0,0,0,0,0,0,0,0,0,0,0,0,0,0,0,0,0,0,0,0,0,0,0,0,0,0,0,0,0,0,0,0,0,0,0,0,0,0,0,0,0,0,0,0,0,0,0,0,0,0,0,0,0,0,0,0,0,0,0,0,0,0,0,0,0,0,0,0,0,0,0,0,0,0,0,0,0,0,
1607518466,0,0,0,0,0,0,0,0,0,0,0,0,0,0,0,0,0,0,0,0,0,0,0,0,0,0,0,0,0,0,0,0,0,0,0,0,0,0,0,0,0,0,0,0,0,0,0,0,0,0,0,0,0,0,0,0,0,0,0,0,0,0,0,0,0,0,0,0,0,0,0,0,0,0,0,0,0,0,0,0,
1607518466,0,0,0,0,0,0,0,0,0,0,0,0,0,0,0,0,0,0,0,0,0,0,0,0,0,0,0,0,0,0,0,0,0,0,0,0,0,0,0,0,0,0,0,0,0,0,0,0,0,0,0,0,0,0,0,0,0,0,0,0,0,0,0,0,0,0,0,0,0,0,0,0,0,0,0,0,0,0,0,0,
1607518466,0,0,0,0,0,0,0,0,0,0,0,0,0,0,0,0,0,0,0,0,0,0,0,0,0,0,0,0,0,0,0,0,0,0,0,0,0,0,0,0,0,0,0,0,0,0,0,0,0,0,0,0,0,0,0,0,0,0,0,0,0,0,0,0,0,0,0,0,0,0,0,0,0,0,0,0,0,0,0,0,
1607518466,0,0,0,0,0,0,0,0,0,0,0,0,0,0,0,0,0,0,0,0,0,0,0,0,0,0,0,0,0,0,0,0,0,0,0,0,0,0,0,0,0,0,0,0,0,0,0,0,0,0,0,0,0,0,0,0,0,0,0,0,0,0,0,0,0,0,0,0,0,0,0,0,0,0,0,0,0,0,0,0,
1607518466,0,0,0,0,0,0,0,0,0,0,0,0,0,0,0,0,0,0,0,0,0,0,0,0,0,0,0,0,0,0,0,0,0,0,0,0,0,0,0,0,0,0,0,0,0,0,0,0,0,0,0,0,0,0,0,0,0,0,0,0,0,0,0,0,0,0,0,0,0,0,0,0,0,0,0,0,0,0,0,0,
1607518466,0,0,0,0,0,0,0,0,0,0,0,0,0,0,0,0,0,0,0,0,0,0,0,0,0,0,0,0,0,0,0,0,0,0,0,0,0,0,0,0,0,0,0,0,0,0,0,0,0,0,0,0,0,0,0,0,0,0,0,0,0,0,0,0,0,0,0,0,0,0,0,0,0,0,0,0,0,0,0,0,
1607518466,0,0,0,0,0,0,0,0,0,0,0,0,0,0,0,0,0,0,0,0,0,0,0,0,0,0,0,0,0,0,0,0,0,0,0,0,0,0,0,0,0,0,0,0,0,0,0,0,0,0,0,0,0,0,0,0,0,0,0,0,0,0,0,0,0,0,0,0,0,0,0,0,0,0,0,0,0,0,0,0,
1607518467,0,0,0,0,0,0,0,0,0,0,0,0,0,0,0,0,0,0,0,0,0,0,0,0,0,0,0,0,0,0,0,0,0,0,0,0,0,0,0,0,0,0,0,0,0,0,0,0,0,0,0,0,0,0,0,0,0,0,0,0,0,0,0,0,0,0,0,0,0,0,0,0,0,0,0,0,0,0,0,0,
1607518467,0,0,0,0,0,0,0,0,0,0,0,0,0,0,0,0,0,0,0,0,0,0,0,0,0,0,0,0,0,0,0,0,0,0,0,0,0,0,0,0,0,0,0,0,0,0,0,0,0,0,0,0,0,0,0,0,0,0,0,0,0,0,0,0,0,0,0,0,0,0,0,0,0,0,0,0,0,0,0,0,
1607518467,0,0,0,0,0,0,0,0,0,0,0,0,0,0,0,0,0,0,0,0,0,0,0,0,0,0,0,0,0,0,0,0,0,0,0,0,0,0,0,0,0,0,0,0,0,0,0,0,0,0,0,0,0,0,0,0,0,0,0,0,0,0,0,0,0,0,0,0,0,0,0,0,0,0,0,0,0,0,0,0,
1607518467,0,0,0,0,0,0,0,0,0,0,0,0,0,0,0,0,0,0,0,0,0,0,0,0,0,0,0,0,0,0,0,0,0,0,0,0,0,0,0,0,0,0,0,0,0,0,0,0,0,0,0,0,0,0,0,0,0,0,0,0,0,0,0,0,0,0,0,0,0,0,0,0,0,0,0,0,0,0,0,0,
1607518467,0,0,0,0,0,0,0,0,0,0,0,0,0,0,0,0,0,0,0,0,0,0,0,0,0,0,0,0,0,0,0,0,0,0,0,0,0,0,0,0,0,0,0,0,0,0,0,0,0,0,0,0,0,0,0,0,0,0,0,0,0,0,0,0,0,0,0,0,0,0,0,0,0,0,0,0,0,0,0,0,
1607518467,0,0,0,0,0,0,0,0,0,0,0,0,0,0,0,0,0,0,0,0,0,0,0,0,0,0,0,0,0,0,0,0,0,0,0,0,0,0,0,0,0,0,0,0,0,0,0,0,0,0,0,0,0,0,0,0,0,0,0,0,0,0,0,0,0,0,0,0,0,0,0,0,0,0,0,0,0,0,0,0,
1607518468,0,0,0,0,0,0,0,0,0,0,0,0,0,0,0,0,0,0,0,0,0,0,0,0,0,0,0,0,0,0,0,0,0,0,0,0,0,0,0,0,0,0,0,0,0,0,0,0,0,0,0,0,0,0,0,0,0,0,0,0,0,0,0,0,0,0,0,0,0,0,0,0,0,0,0,0,0,0,0,0,
1607518468,0,0,0,0,0,0,0,0,0,0,0,0,0,0,0,0,0,0,0,0,0,0,0,0,0,0,0,0,0,0,0,0,0,0,0,0,0,0,0,0,0,0,0,0,0,0,0,0,0,0,0,0,0,0,0,0,0,0,0,0,0,0,0,0,0,0,0,0,0,0,0,0,0,0,0,0,0,0,0,0,
1607518468,0,0,0,0,0,0,0,0,0,0,0,0,0,0,0,0,0,0,0,0,0,0,0,0,0,0,0,0,0,0,0,0,0,0,0,0,0,0,0,0,0,0,0,0,0,0,0,0,0,0,0,0,0,0,0,0,0,0,0,0,0,0,0,0,0,0,0,0,0,0,0,0,0,0,0,0,0,0,0,0,
1607518468,0,0,0,0,0,0,0,0,0,0,0,0,0,0,0,0,0,0,0,0,0,0,0,0,0,0,0,0,0,0,0,0,0,0,0,0,0,0,0,0,0,0,0,0,0,0,0,0,0,0,0,0,0,0,0,0,0,0,0,0,0,0,0,0,0,0,0,0,0,0,0,0,0,0,0,0,0,0,0,0,
1607518468,0,0,0,0,0,0,0,0,0,0,0,0,0,0,0,0,0,0,0,0,0,0,0,0,0,0,0,0,0,0,0,0,0,0,0,0,0,0,0,0,0,0,0,0,0,0,0,0,0,0,0,0,0,0,0,0,0,0,0,0,0,0,0,0,0,0,0,0,0,0,0,0,0,0,0,0,0,0,0,0,
1607518468,0,0,0,0,0,0,0,0,0,0,0,0,0,0,0,0,0,0,0,0,0,0,0,0,0,0,0,0,0,0,0,0,0,0,0,0,0,0,0,0,0,0,0,0,0,0,0,0,0,0,0,0,0,0,0,0,0,0,0,0,0,0,0,0,0,0,0,0,0,0,0,0,0,0,0,0,0,0,0,0,
1607518469,0.0014743,0.997533,0.0601428,-0.0361656,0.0219174,0.942769,0.332182,-0.0189984,0.0228948,0.99944,-0.0211588,-0.0121955,-0.0668032,0.958371,-0.274356,-0.0423192,0.84708,-0.530271,-0.00632186,0.0350423,0.750354,-0.574103,0.17878,0.274614,0.718286,-0.606889,0.16913,0.295205,0.671616,-0.652866,0.303062,0.175644,0.852058,0.522757,-0.0148419,0.022381,0.796872,0.57322,-0.126952,0.142467,0.730514,0.656975,-0.168688,0.0792366,0.595883,0.77875,-0.192584,0.0371785,0.917547,-0.391385,-0.0568019,-0.0412146,0.996001,-0.0159343,-0.0526928,0.0703617,0.995144,-0.0819276,-0.0393854,-0.0377442,0.879901,-0.206661,-0.059257,-0.423739,0.925886,0.371229,-0.0110836,-0.0692983,0.997457,0.00342142,-0.015179,0.0695576,0.993994,0.0694007,-0.0305567,-0.0788973,0.920759,0.0244266,-0.0641032,-0.384053,
1607518469,0.00354743,0.997516,0.0606101,-0.0357194,0.0244204,0.942938,0.331511,-0.0192945,0.0254539,0.999383,-0.02075,-0.012449,-0.0647468,0.95802,-0.275885,-0.0435102,0.846228,-0.531695,-0.00631021,0.034049,0.745775,-0.577825,0.181161,0.277702,0.711871,-0.614486,0.179429,0.288882,0.678768,-0.652166,0.259933,0.21538,0.853332,0.520713,-0.0153095,0.0211793,0.798912,0.572655,-0.123276,0.136412,0.73297,0.656074,-0.162496,0.0769165,0.606234,0.771785,-0.188661,0.0351301,0.91689,-0.392892,-0.056556,-0.0418435,0.993241,-0.0217893,-0.0912539,0.068333,0.978818,-0.139653,-0.0545552,-0.13941,0.927048,-0.184441,-0.0395079,-0.324042,0.92725,0.367773,-0.0106097,-0.0695478,0.99729,0.00124511,-0.0129892,0.0724072,0.993665,0.0711813,-0.0295415,-0.0817948,0.921759,0.0247691,-0.0640894,-0.381628,
1607518469,0.00586177,0.997914,0.0624991,-0.015044,0.0200046,0.943722,0.329931,-0.0115633,0.0183506,0.999634,-0.0176614,-0.00910186,-0.0795901,0.968838,-0.23181,-0.0358053,0.85283,-0.521471,-0.00338369,0.0271438,0.722149,-0.570378,0.225672,0.319754,0.698786,-0.593355,0.217159,0.335366,-0.640612,0.64971,-0.338728,-0.229688,0.86671,0.498321,-0.0123294,0.0183974,0.774439,0.576414,-0.16937,0.198253,0.7369,0.62309,-0.177655,0.192812,0.548551,0.74706,-0.374208,0.0310185,0.918968,-0.389058,-0.0379155,-0.0519122,0.992865,-0.00560106,-0.0843636,0.084083,0.976086,-0.148131,-0.0368779,-0.154766,0.928181,-0.130066,0.00223293,-0.348651,0.927992,0.367014,0.00936967,-0.0635977,0.997065,0.0283693,0.0109308,0.0702647,0.992454,0.0862974,-0.00687068,-0.0868376,0.92093,0.0162526,-0.0598813,-0.384757,
1607518469,-0.00814871,0.997685,0.0669724,0.00849325,-0.0155204,0.94056,0.339267,-0.00215475,-0.0166931,0.999754,-0.0143912,-0.00248576,-0.0900266,0.980024,-0.176867,-0.0129211,0.858952,-0.510874,-0.0067791,0.0341085,0.759476,-0.642766,-0.0640776,0.0770886,0.726404,-0.668137,-0.0981713,0.127642,0.794191,-0.544331,0.120302,-0.241851,0.86212,0.505564,0.00392051,0.0337543,0.769156,0.577758,-0.158637,0.222325,0.737812,0.621827,-0.198377,0.172077,0.593795,0.750544,-0.275452,0.0906541,0.927691,-0.367194,-0.0172845,-0.0652586,0.997493,-0.00325503,-0.0142126,0.0692411,0.992359,-0.061398,0.000643131,-0.107024,0.943795,-0.0951353,0.00191396,-0.316538,0.918842,0.388807,0.0334429,-0.0586432,0.99734,0.0712577,0.00970038,-0.0118823,0.994314,0.105787,0.0107412,0.0058452,0.932804,0.0691661,-0.0406902,-0.351337,
1607518469,-0.022804,0.997279,0.0689921,0.0124658,-0.0315352,0.938465,0.343931,0.00105849,-0.0394108,0.999127,-0.0138382,0.000998677,-0.0939675,0.981999,-0.163838,-0.00227566,0.861628,-0.505918,-0.00844134,0.0396509,0.766557,-0.6343,-0.0617969,0.0789652,0.738307,-0.658629,-0.0862391,0.116933,0.806615,-0.524003,0.117824,-0.246801,0.855059,0.516579,0.0126394,0.0431437,0.761137,0.572094,-0.163462,0.258184,0.729918,0.617272,-0.20258,0.212501,0.579297,0.735806,-0.339299,0.0887712,0.934053,-0.350186,-0.0141208,-0.0686722,0.998738,-0.00937984,0.00670188,0.0488798,0.997269,-0.018639,0.00949842,-0.0708365,0.951045,-0.0888626,-0.00912832,-0.295859,0.913244,0.401335,0.0378301,-0.0590267,0.995606,0.0845407,0.0155094,-0.0371558,0.993572,0.105752,0.0207389,0.0346576,0.941602,0.0961775,-0.0217909,-0.321965,
1607518470,-0.032943,0.996931,0.0694531,0.0148212,-0.0350847,0.936588,0.348659,0.00290075,-0.0347402,0.999296,-0.0124684,0.00673981,-0.0882629,0.982936,-0.161365,0.00284411,0.859429,-0.509615,-0.00737943,0.0402425,0.702335,-0.517778,0.319407,0.36961,0.674362,-0.550277,0.324003,0.370747,0.671341,-0.545831,0.433447,0.251978,0.846262,0.530001,0.0218025,0.0496465,0.753336,0.560908,-0.18103,0.291712,0.712863,0.617023,-0.220635,0.249858,0.575571,0.720618,-0.367332,0.120399,0.935817,-0.345257,-0.0124507,-0.0699169,0.998814,-0.00465972,0.0200735,0.0441054,0.998181,-0.00668077,0.0202105,-0.0564119,0.95528,-0.110868,-0.00986963,-0.273956,0.910263,0.407895,0.0400107,-0.0586732,0.995708,0.0798817,0.0177271,-0.0432495,0.994103,0.0769339,0.0268249,0.0715567,0.916952,0.125269,0.00805704,-0.378738,
1607518470,-0.0284336,0.996829,0.0726769,0.0155605,0.00348476,0.935513,0.353163,-0.00890482,-0.00331664,0.999956,-0.00697308,0.00525161,-0.0872588,0.983878,-0.15592,-0.00772272,0.856516,-0.515674,-0.00276166,0.0212942,0.719708,-0.561641,0.256231,0.317687,0.688125,-0.603874,0.294519,0.274006,0.682248,-0.607846,0.335911,0.228528,0.856111,0.515804,0.0132206,0.0290826,0.74946,0.541904,-0.217492,0.312004,0.699379,0.603193,-0.237475,0.301054,0.460923,0.703862,-0.535517,0.0731479,0.926161,-0.369732,-0.014578,-0.0728803,0.994741,0.0217976,-0.0400841,0.0916986,0.984866,-0.101649,-0.00497881,-0.140292,-0.803718,0.0181659,-0.0982571,0.58656,0.917195,0.391446,0.0410904,-0.0619325,0.999093,0.0377192,0.0177275,0.00876948,0.996196,0.0736357,0.0174216,0.0432163,0.866509,0.0643723,-0.0286242,-0.494164,
1607518470,-0.016704,0.99675,0.0786012,0.00566275,0.00826359,0.934044,0.356997,-0.00685243,0.012218,0.999913,-0.0018773,0.00463683,-0.0655056,0.986836,-0.147596,-0.00890015,0.85965,-0.51086,0.00193733,0.0043821,0.724632,-0.581683,0.227105,0.291508,0.706435,-0.603148,0.233293,0.287639,-0.638802,0.668071,-0.32099,-0.206345,0.863664,0.503936,0.00630883,0.00964862,0.750838,0.530783,-0.231856,0.317418,0.68187,0.617223,-0.269296,0.285604,0.510896,0.725997,-0.440871,0.132462,0.92295,-0.376766,-0.0257157,-0.0744911,0.997679,0.0167091,0.00794035,0.0655317,0.999437,0.0158805,0.00734927,0.0286114,-0.777985,0.0829663,0.083969,0.617094,0.920948,0.381635,0.0341365,-0.0710276,0.997921,-0.00149715,0.0090831,0.0637919,0.998247,0.0529012,0.010502,-0.0243798,0.884491,0.035732,-0.0226597,-0.464634,
1607518470,-0.0132682,0.996625,0.0809993,0.00156326,0.00957242,0.933537,0.358306,-0.00579333,0.015195,0.999877,0.00126785,0.00366788,-0.0569322,0.988718,-0.138277,-0.00863252,0.861645,-0.507499,0.00234563,-0.00254867,0.689576,-0.540661,0.287431,0.386723,0.682919,-0.553873,0.312052,0.35982,-0.58296,0.64687,-0.421426,-0.253215,0.866354,0.499413,0.00403021,0.00119177,0.738819,0.625915,0.248847,-0.0212424,0.720952,0.662081,0.123867,-0.162891,0.666625,0.697774,0.0255739,-0.260901,0.922174,-0.378196,-0.0302912,-0.0751384,0.998548,0.0299646,0.0024549,0.0446977,0.993898,0.0440386,0.00269422,0.101094,-0.791224,0.0349827,0.081153,0.605107,0.921848,0.37899,0.0312528,-0.0747435,0.998449,-0.00384652,0.00428635,0.0553792,0.999684,0.0243934,0.00461864,-0.00391434,0.885264,0.0417791,0.00229566,-0.463203,
1607518470,-0.010858,0.996901,0.0777727,-0.00460001,0.00641571,0.935983,0.351906,-0.00752262,-0.000277929,0.999984,-0.000227783,-0.0056256,-0.0618531,0.989886,-0.126968,-0.0133611,0.864596,-0.502461,-0.00200319,-0.00169938,0.67491,-0.522833,0.316728,0.41331,0.667645,-0.531531,0.320249,0.411297,-0.528563,0.617569,-0.543068,-0.210492,0.872178,0.489066,-0.00785012,-0.00760046,0.715719,0.638605,0.278883,-0.0464197,0.695272,0.678736,0.157828,-0.17608,0.713048,0.597964,-0.00181037,-0.366059,0.92282,-0.377272,-0.0344519,-0.0698769,0.998457,0.0315217,-0.00414829,0.0455173,0.996633,0.0343058,-0.00343412,0.0743851,-0.820949,-0.00525278,0.0376365,0.569736,0.920202,0.383612,0.0248771,-0.0738298,0.999115,0.0064133,-0.00307097,0.041457,0.999866,0.0145791,-0.00334745,0.00670227,0.880356,0.0353641,0.00305874,-0.472983,
1607518470,-0.0151537,0.99749,0.0685526,-0.00918259,-0.000965738,0.939454,0.342354,-0.0147964,-0.0115678,0.9997,-0.0102178,-0.0190068,-0.0732838,0.987301,-0.138583,-0.0257028,0.862565,-0.505794,-0.00639253,0.0106768,0.643142,-0.47914,0.362258,0.474935,0.608169,-0.524556,0.400427,0.441168,-0.549819,0.569085,-0.51817,-0.324563,0.874153,0.484855,-0.0263761,-0.00868475,0.693944,0.516868,-0.299112,0.402271,0.616989,0.604974,-0.34565,0.365864,0.463063,0.646331,-0.585585,0.157855,0.925721,-0.371829,-0.0349824,-0.0596661,0.99863,0.0366308,-0.00829306,0.0364328,0.998979,0.0142841,-0.00713915,0.0422702,-0.822107,-0.0732516,-0.0309853,0.56375,0.917101,0.39261,0.0175231,-0.0669086,0.99926,0.0160468,-0.00758074,0.0341317,0.999711,-0.0202788,-0.00759079,0.0104453,0.877318,-0.0750849,-0.0257681,-0.473299,
1607518471,-0.0172516,0.997542,0.0639053,-0.0229926,-0.00388242,0.940205,0.340051,-0.0190749,-0.0144788,0.999522,-0.0149558,-0.0228632,-0.0759721,0.990348,-0.112475,-0.0280848,0.862989,-0.505019,-0.00521897,0.0133455,0.727348,-0.672303,-0.0878653,0.10608,0.723634,-0.689337,-0.0167133,0.0298186,0.706494,-0.704656,-0.0388515,0.0530738,0.871661,0.488811,-0.0341769,-0.0101398,0.66897,0.503896,-0.325267,0.439054,0.60356,0.584417,-0.388303,0.378672,0.497364,0.624396,-0.564555,0.20985,0.926826,-0.369297,-0.0458868,-0.0500692,0.998654,0.0389197,-0.0218569,0.0264265,0.999542,0.0181555,-0.0232896,-0.00666032,0.85795,0.123291,0.0394171,-0.49716,0.915381,0.396819,0.00314917,-0.0678424,0.999019,0.0145358,-0.0209754,0.0361989,0.998772,-0.0427312,-0.0223332,-0.0113515,0.880084,-0.148689,-0.0521756,-0.447909,
1607518471,-0.0174136,0.997053,0.0697452,-0.0267854,-0.00294555,0.938571,0.344545,-0.0190927,-0.0103831,0.999748,-0.0069258,-0.0186825,-0.0684718,0.99227,-0.100827,-0.0233632,0.861281,-0.507987,-0.00834305,0.00868595,0.727167,-0.675351,-0.0836456,0.090183,0.721926,-0.691756,-0.0114678,0.0128617,-0.695863,0.711696,0.067588,-0.0685203,0.863005,0.504514,-0.0239773,-0.0106351,0.672402,0.511763,-0.322704,0.426421,0.607776,0.592874,-0.391369,0.354879,0.524521,0.613127,-0.558571,0.192228,0.926855,-0.36791,-0.0515793,-0.0540499,0.99867,0.0398606,-0.0255122,0.0204485,0.999018,0.0227443,-0.0277708,-0.0259884,0.861169,0.208838,0.0707014,-0.458012,0.91594,0.394299,0.00167088,-0.0746928,0.999172,0.0055554,-0.0244195,0.0320626,0.997824,-0.0518151,-0.0264985,-0.0309947,0.90491,-0.143013,-0.0426418,-0.39858,
1607518471,-0.0170567,0.996111,0.0825425,-0.0256598,0.00072423,0.933342,0.358736,-0.013422,-7.9303e-005,0.999516,0.0305768,-0.00577314,-0.0801062,0.981652,-0.171941,-0.0194664,0.863092,-0.50256,-0.00507567,-0.0498043,0.724827,-0.67987,-0.0987823,0.0514305,0.7217,-0.691218,-0.0301125,-0.02146,-0.696879,0.712682,0.0765493,-0.0241952,0.860987,0.505319,-0.00611885,-0.0575967,0.690681,0.539032,-0.299176,0.378018,0.628337,0.616726,-0.366261,0.301156,0.577198,0.625732,-0.49558,0.172343,0.925547,-0.368635,-0.0555233,-0.0662487,0.998339,0.0431576,-0.0242731,0.0294637,0.999168,0.0192339,-0.0270987,-0.02364,0.839809,0.224945,0.0933898,-0.485178,0.917436,0.388381,0.00707485,-0.0861492,0.999346,-0.0013751,-0.0230475,0.0278418,0.997374,-0.0540518,-0.0250324,-0.0411853,0.90847,-0.11823,-0.0294945,-0.399793,
1607518471,-0.0137229,0.995385,0.0895665,-0.0315997,0.000646922,0.929553,0.367743,-0.0263973,-0.00214157,0.999108,0.0316207,-0.0279067,-0.0735692,0.981168,-0.174378,-0.0385831,0.859133,-0.510094,-0.0364019,-0.0192051,0.736775,-0.672883,-0.0642532,0.0162114,0.725769,-0.686967,-0.0288955,-0.0223644,0.744557,-0.666504,-0.0214176,-0.0308094,0.859146,0.509334,-0.0118824,-0.0480081,0.684696,0.537339,-0.314503,0.378873,0.622518,0.613904,-0.381955,0.299504,0.565863,0.631227,-0.499072,0.179663,0.924656,-0.36877,-0.0635105,-0.0706192,0.998169,0.0411424,-0.0304545,0.0322401,0.999404,0.000203681,-0.030542,0.0160812,-0.818664,-0.187836,-0.107036,0.532025,0.918009,0.385019,0.00419324,-0.0948845,0.999259,-0.00495598,-0.0293056,0.0244639,0.996872,-0.0543037,-0.0311729,-0.0482342,0.910618,-0.0868307,-0.0205776,-0.4035,
1607518471,-0.0117085,0.995052,0.091879,-0.0359513,0.00134723,0.927976,0.371437,-0.0298725,-0.00590075,0.998991,0.0285885,-0.0341217,-0.0624036,0.990525,-0.115966,-0.0389727,0.856383,-0.51428,-0.0459642,-0.00342465,0.740024,-0.670082,-0.0564185,0.0130889,0.73703,-0.674589,-0.0412904,-0.00343347,0.83589,-0.530194,0.0392144,-0.136544,0.855883,0.515562,-0.0127362,-0.0387098,0.687183,0.542229,-0.310382,0.370715,0.628424,0.614777,-0.375541,0.293431,0.551729,0.644953,-0.50316,0.162665,0.924331,-0.368617,-0.0682709,-0.0712272,0.998025,0.040367,-0.0350073,0.0330294,0.998967,0.0234606,-0.0370051,-0.0120709,-0.831081,-0.180162,-0.0676169,0.521799,0.917983,0.384153,0.0011434,-0.0986555,0.999138,-0.00629169,-0.0338766,0.0231397,0.996558,-0.0517163,-0.0356293,-0.0541173,0.912502,-0.0671737,-0.0177619,-0.403128,
1607518472,-0.011001,0.994873,0.0929205,-0.0383655,0.00144839,0.927268,0.3731,-0.0311173,-0.0117372,0.999033,0.0218062,-0.0363332,-0.0457271,0.997112,-0.0480788,-0.0369407,0.855349,-0.515524,-0.0495609,0.0125215,0.74183,-0.668471,-0.0504326,0.0170781,0.740528,-0.669441,-0.054655,0.0219037,0.839488,-0.517059,0.0467289,-0.160394,0.851938,0.522858,-0.0128066,-0.0256395,0.69149,0.546321,-0.301415,0.364039,0.641898,0.609755,-0.36405,0.289196,0.565533,0.656088,-0.465864,0.18081,0.924283,-0.368231,-0.0708248,-0.0713441,0.998369,0.0411808,-0.0220972,0.0328016,0.992658,0.0750866,-0.0326512,-0.0890331,0.901911,0.131958,-0.022989,-0.410627,0.917846,0.383996,-0.000641734,-0.100527,0.999065,-0.00732568,-0.0363622,0.0222342,0.996472,-0.0455258,-0.0377535,-0.0595496,0.918723,-0.0671447,-0.0253161,-0.388327,
1607518472,-0.0102822,0.994741,0.0937065,-0.0400457,0.00163957,0.926971,0.373829,-0.0312076,-0.015577,0.999039,0.0164095,-0.037526,-0.0336488,0.998686,-0.0102187,-0.0372669,0.85524,-0.515356,-0.0500091,0.0217068,0.739603,-0.670686,-0.0503966,0.0250546,0.745764,-0.663665,-0.0520085,0.0260787,0.846283,-0.501827,0.0529747,-0.170788,0.850995,0.524662,-0.0144799,-0.0180858,0.692289,0.544984,-0.298877,0.366606,0.645564,0.606498,-0.364175,0.287722,0.560723,0.641779,-0.502662,0.145051,0.924108,-0.368294,-0.072635,-0.0714756,0.998291,0.0423157,-0.0259669,0.0308096,0.993322,0.0680024,-0.0350282,-0.0863688,0.893714,0.157689,-0.00689665,-0.419955,0.917575,0.384282,-0.00179225,-0.101889,0.999015,-0.00898587,-0.0381344,0.0208133,0.996853,-0.0347727,-0.0386475,-0.0598438,0.92355,-0.0838678,-0.0411639,-0.371924,
1607518472,-0.00966862,0.994699,0.093861,-0.0408712,0.00190613,0.926876,0.374153,-0.0300937,-0.0173491,0.999057,0.0134362,-0.0374593,-0.0279681,0.998898,0.00566475,-0.0372599,0.854904,-0.515832,-0.0490763,0.0254547,0.738678,-0.67146,-0.0509423,0.0300047,0.748266,-0.660899,-0.0502304,0.0280577,0.82751,-0.550777,0.0294585,-0.104896,0.851357,0.524163,-0.0153921,-0.0143959,0.692518,0.541521,-0.298383,0.371674,0.6438,0.606072,-0.365813,0.290483,0.583014,0.66033,-0.409542,0.237349,0.923981,-0.368482,-0.0734292,-0.0713334,0.997852,0.0419875,-0.0401816,0.0302368,0.993293,0.0662288,-0.0422367,-0.0848449,0.891967,0.168235,-0.00635062,-0.419585,0.917276,0.384869,-0.00236806,-0.102346,0.998993,-0.010663,-0.0390594,0.0193255,0.997325,-0.0291025,-0.0390121,-0.0545292,0.922668,-0.0841069,-0.0452472,-0.373581,
1607518472,-0.00917572,0.994702,0.0937755,-0.0411004,0.0019751,0.926851,0.374334,-0.0285742,-0.0181658,0.999087,0.0115499,-0.0369138,-0.0244924,0.998962,0.0109081,-0.0368299,0.854089,-0.517089,-0.048487,0.0282754,0.736352,-0.673451,-0.0542029,0.0362149,0.751821,-0.657238,-0.0462311,0.0258091,0.806612,-0.589357,0.000254855,-0.0451086,0.85154,0.523954,-0.015111,-0.0111465,0.687893,0.533292,-0.304358,0.387,0.637543,0.600363,-0.372211,0.307509,0.568557,0.672352,-0.366055,0.301147,0.923985,-0.368468,-0.0735726,-0.0712051,0.997854,0.0421427,-0.0404822,0.0295365,0.997661,0.0236502,-0.0443079,-0.046359,0.836395,0.21901,0.0777016,-0.496427,0.917124,0.385228,-0.00252177,-0.102356,0.998989,-0.0120115,-0.0393796,0.0180459,0.997577,-0.0265016,-0.0390535,-0.0511103,0.921478,-0.0826607,-0.0463749,-0.376688,
1607518472,-0.00881082,0.994719,0.0936311,-0.0411139,0.0020521,0.926871,0.374397,-0.0270894,-0.0184911,0.999118,0.0101346,-0.0363016,-0.0239813,0.999051,0.00381389,-0.0361608,0.852781,-0.519115,-0.0482611,0.0309132,0.732587,-0.676659,-0.0593748,0.0438724,0.751755,-0.657312,-0.0456091,0.0269058,-0.693863,0.70978,0.0926691,-0.0786016,0.851496,0.524104,-0.0143234,-0.00801489,0.671808,0.51239,-0.322883,0.426471,0.621972,0.583138,-0.402878,0.332851,0.566302,0.643504,-0.386906,0.339864,0.924053,-0.368334,-0.0734935,-0.0711046,0.99785,0.0423644,-0.040557,0.0292656,0.998384,0.00981944,-0.0442644,-0.0342563,-0.818458,-0.225499,-0.106432,0.517638,0.917044,0.385452,-0.00252704,-0.102229,0.998991,-0.0126566,-0.0394606,0.0173013,0.997654,-0.0268608,-0.0390974,-0.0493557,0.919687,-0.0774662,-0.0439178,-0.382422,
1607518472,-0.00914366,0.994734,0.0942243,-0.0392674,0.00288733,0.926708,0.375102,-0.0224358,-0.0152783,0.99937,0.0126746,-0.0294175,-0.0295318,0.998919,-0.0209414,-0.0291613,0.851164,-0.522337,-0.0446403,0.0262811,0.728363,-0.679966,-0.0684152,0.0495228,0.745357,-0.664121,-0.0506821,0.0286051,-0.633917,0.749333,0.147926,-0.121518,0.850361,0.526137,-0.00608143,-0.00549819,0.658928,0.501186,-0.335998,0.449145,0.615775,0.568146,-0.424506,0.343258,0.585445,0.602358,-0.414551,0.350096,0.924393,-0.367529,-0.0719696,-0.0723915,0.997895,0.0430029,-0.0386912,0.0293026,0.998669,0.00378203,-0.0423144,-0.0292343,-0.813364,-0.224218,-0.116804,0.523948,0.917183,0.38517,-0.000659921,-0.102077,0.999075,-0.0130244,-0.0376126,0.0162835,0.997757,-0.0270675,-0.0372493,-0.0485969,0.919383,-0.0736395,-0.0406482,-0.384266,
1607518473,-0.0095205,0.994833,0.0941968,-0.036667,0.00309113,0.926534,0.375719,-0.0189594,-0.0127289,0.999536,0.0126508,-0.0246046,-0.030489,0.999125,-0.0147933,-0.0244967,0.848887,-0.526212,-0.0423473,0.0264402,0.727561,-0.680471,-0.0705364,0.0513661,0.740995,-0.668594,-0.0537974,0.0318639,-0.642552,0.74277,0.144557,-0.120514,0.848653,0.52895,-1.34764e-005,-0.000341546,0.650297,0.497662,-0.345009,0.458711,0.613271,0.559083,-0.436618,0.347404,0.607291,0.566017,-0.434806,0.34895,0.92468,-0.367082,-0.069541,-0.0733594,0.997983,0.0433301,-0.0360713,0.0291909,0.998851,0.000195598,-0.0396524,-0.0269181,-0.809484,-0.223075,-0.124156,0.528733,0.917353,0.385026,0.0016781,-0.101068,0.999183,-0.0134878,-0.0350318,0.0149436,0.997843,-0.0276209,-0.0346812,-0.0484034,0.918721,-0.0715337,-0.0372875,-0.386581,
1607518473,-0.00917297,0.994904,0.0938912,-0.035595,0.00310379,0.926425,0.37607,-0.0172762,-0.0106176,0.99963,0.0112132,-0.0224,-0.0312015,0.999249,-0.00549981,-0.0223301,0.846194,-0.530422,-0.0417056,0.0294578,0.727408,-0.680501,-0.0705946,0.0530364,0.739451,-0.670215,-0.0537919,0.0336292,-0.66749,0.725759,0.126516,-0.108278,0.846786,0.5319,0.00327487,0.00500577,0.64246,0.493417,-0.353832,0.467534,0.610312,0.550497,-0.447952,0.351869,0.610822,0.549937,-0.447547,0.352374,0.924751,-0.367088,-0.0684058,-0.0735065,0.998029,0.0433141,-0.0350639,0.0288459,0.998891,0.00043825,-0.0386222,-0.0269071,-0.806826,-0.222797,-0.12611,0.532437,0.917637,0.384526,0.00253239,-0.10038,0.999233,-0.0133165,-0.0340534,0.0139977,0.997826,-0.0284799,-0.0337828,-0.0489013,0.918361,-0.0624893,-0.0321056,-0.389458,
1607518473,-0.00882672,0.994972,0.0933955,-0.0350777,0.00291554,0.926362,0.376255,-0.0166379,-0.00952896,0.999677,0.00990026,-0.0214004,-0.0312921,0.999282,-0.00117814,-0.0213194,0.844665,-0.53275,-0.0413407,0.0317839,0.727133,-0.680655,-0.0706513,0.0547318,0.738724,-0.671014,-0.0531583,0.0346633,-0.687885,0.710814,0.110921,-0.0961961,0.845381,0.534077,0.00474164,0.00839568,0.638693,0.491386,-0.358172,0.471512,0.609429,0.545848,-0.453503,0.353527,0.612476,0.54228,-0.453653,0.353561,0.924774,-0.367206,-0.0677214,-0.0732594,0.998066,0.043666,-0.0346017,0.0275828,0.998906,0.00293405,-0.0380706,-0.0269777,-0.805202,-0.219771,-0.123387,0.536774,0.917862,0.384157,0.00281592,-0.0997255,0.999263,-0.0128181,-0.033617,0.0133871,0.997755,-0.0296739,-0.0334714,-0.0498434,0.916444,-0.0618886,-0.0306528,-0.394157,
1607518473,-0.00872217,0.995016,0.093105,-0.034614,0.00243449,0.92626,0.376513,-0.0165447,-0.00904009,0.999703,0.00931992,-0.0206096,-0.0284973,0.999251,-0.0160559,-0.0206776,0.844256,-0.533425,-0.0406278,0.0322227,0.726549,-0.681058,-0.0714956,0.0563513,0.738595,-0.67123,-0.0523301,0.0344999,0.703162,-0.698929,-0.0989151,0.085304,0.84391,0.536371,0.00548988,0.00960055,0.639287,0.492374,-0.357858,0.469912,0.611635,0.545142,-0.453178,0.351215,0.615778,0.540433,-0.450897,0.354177,0.924813,-0.367224,-0.0671749,-0.0731724,0.99798,0.0479023,-0.0342039,0.0239163,0.998912,0.00439945,-0.0378264,-0.026935,-0.809343,-0.210554,-0.114727,0.53616,0.91799,0.383963,0.00312327,-0.099282,0.999291,-0.0121733,-0.033198,0.0129068,0.997812,-0.0296059,-0.0331325,-0.0489495,0.917879,-0.0667598,-0.0325594,-0.389848,
1607518473,-0.00873365,0.995016,0.0932209,-0.0343181,0.00192559,0.926088,0.376942,-0.0165072,-0.00834263,0.999716,0.0105582,-0.019653,-0.0281555,0.999009,-0.0281958,-0.0198526,0.845491,-0.531798,-0.0390678,0.0284574,0.72599,-0.681431,-0.0734694,0.056502,0.738105,-0.671775,-0.0530157,0.0333178,0.71004,-0.693601,-0.0933613,0.0777412,0.843825,0.536545,0.00562817,0.00691354,0.642213,0.49527,-0.355375,0.464735,0.615218,0.546813,-0.449406,0.347184,0.619128,0.542569,-0.443306,0.354653,0.924852,-0.367124,-0.0669375,-0.0733978,0.997924,0.0504657,-0.0339059,0.0212412,0.998843,0.00777669,-0.0376799,-0.0288343,-0.816559,-0.205318,-0.104043,0.529387,0.918108,0.383678,0.00340906,-0.0992786,0.999312,-0.0116049,-0.0329231,0.0124905,0.997795,-0.0305424,-0.0329744,-0.0488459,0.917174,-0.0689043,-0.0326228,-0.391127,
1607518474,-0.008748,0.994994,0.093504,-0.0341568,0.00169484,0.925896,0.377416,-0.0164392,-0.00768185,0.999708,0.0126865,-0.0190672,-0.0290734,0.998452,-0.0432306,-0.0194885,0.84723,-0.529411,-0.0374638,0.0228307,0.725455,-0.681796,-0.0758507,0.055817,0.737589,-0.67233,-0.0542678,0.0314761,0.714915,-0.689755,-0.0899731,0.0709967,0.845017,0.534712,0.00502304,0.00208435,0.642384,0.495595,-0.355602,0.463979,0.615831,0.546695,-0.449965,0.345553,0.61186,0.552013,-0.42933,0.369573,0.924839,-0.3671,-0.0668946,-0.0737213,0.997872,0.0524758,-0.0337252,0.0189976,0.998885,0.00721031,-0.0374765,-0.0277806,-0.818817,-0.202037,-0.101771,0.527601,0.91817,0.383477,0.00364284,-0.099481,0.999327,-0.0111362,-0.0327754,0.0121425,0.997721,-0.0318685,-0.0329523,-0.0495029,0.915645,-0.070499,-0.032273,-0.394439,
1607518474,-0.00884927,0.99496,0.0939014,-0.0340436,0.00128929,0.925729,0.377842,-0.016107,-0.00692533,0.999735,0.0131038,-0.0176337,-0.0312794,0.998253,-0.0466631,-0.0182791,0.847764,-0.528741,-0.0359636,0.0208973,0.725361,-0.681826,-0.0765281,0.0557517,0.737073,-0.672956,-0.0540434,0.0305358,0.718882,-0.686675,-0.0857971,0.0657644,0.844156,0.53606,0.00605977,0.0016787,0.645473,0.499182,-0.352743,0.457989,0.617929,0.550042,-0.443857,0.344394,0.601326,0.569788,-0.413435,0.377916,0.924804,-0.367098,-0.0669481,-0.0741243,0.997853,0.0535254,-0.0335661,0.0172327,0.99896,0.00621023,-0.037143,-0.0257209,-0.818889,-0.202091,-0.103045,0.52722,0.918275,0.383138,0.00385202,-0.0998079,0.999398,-0.00164281,-0.0327745,0.0112873,0.996818,-0.0489285,-0.0350004,-0.0523051,0.914823,-0.0743579,-0.0227981,-0.396296,
1607518474,-0.00897238,0.994942,0.0941582,-0.0338176,0.00100884,0.925611,0.378149,-0.0157135,-0.00590182,0.999767,0.0128586,-0.0163258,-0.0336717,0.998367,-0.0428443,-0.0171272,0.847703,-0.528942,-0.0347166,0.020362,0.725412,-0.681745,-0.0766248,0.0559431,0.736149,-0.674001,-0.0537002,0.0303907,0.73072,-0.681249,-0.0406707,0.0171606,0.843337,0.537332,0.00714997,0.00258472,0.650164,0.50537,-0.348261,0.447887,0.621688,0.554787,-0.432526,0.344437,0.590486,0.5905,-0.395967,0.381899,0.924732,-0.367236,-0.0668564,-0.0744286,0.997863,0.0538922,-0.0332945,0.0159914,0.999127,0.0031572,-0.0363756,-0.0203124,-0.815094,-0.205584,-0.110912,0.530146,0.918361,0.382889,0.00411933,-0.0999621,0.999408,-0.00201223,-0.0325356,0.0110304,0.996794,-0.0491531,-0.0347484,-0.0527098,0.914639,-0.0750366,-0.0227358,-0.396596,
1607518474,-0.00907098,0.99492,0.094477,-0.0335598,0.00107364,0.925468,0.378512,-0.0153628,-0.0036551,0.999794,0.0130751,-0.0150787,-0.0385444,0.998487,-0.0357644,-0.0161116,0.847428,-0.529534,-0.0333037,0.0186964,0.725402,-0.681707,-0.0772327,0.0557015,0.733754,-0.676413,-0.055424,0.0316004,0.741187,-0.670571,0.000428671,-0.0312406,0.843528,0.537019,0.00801488,0.00253449,0.650685,0.505727,-0.349315,0.445901,0.621425,0.55539,-0.432101,0.344473,0.590446,0.59141,-0.407688,0.367965,0.92459,-0.367533,-0.0667702,-0.0747925,0.997882,0.0539691,-0.0330005,0.0151868,0.999234,0.000753087,-0.0356629,-0.0161162,-0.813548,-0.20709,-0.115678,0.530916,0.91848,0.382546,0.00443174,-0.100163,0.999419,-0.002453,-0.0322699,0.0106602,0.996784,-0.0493366,-0.0344517,-0.0529198,0.914276,-0.0778043,-0.0235635,-0.39685,
1607518474,-0.00910386,0.994892,0.0948421,-0.0333587,0.00143142,0.925344,0.378837,-0.0147816,-0.0012761,0.999817,0.0133114,-0.0136469,-0.0435709,0.998452,-0.0312045,-0.0148898,0.847273,-0.529943,-0.031692,0.016847,0.725173,-0.681846,-0.0781449,0.055717,0.72972,-0.680457,-0.0578741,0.0337295,0.77407,-0.623698,0.0431044,-0.0997916,0.844058,0.536171,0.00896059,0.0024846,0.645454,0.504441,-0.356324,0.449402,0.620548,0.54944,-0.440333,0.345171,0.585232,0.591027,-0.417861,0.365491,0.924385,-0.367974,-0.0667611,-0.0751719,0.997905,0.0538354,-0.0327733,0.0145992,0.999295,-0.00043662,-0.0351177,-0.0132553,-0.813471,-0.207546,-0.117583,0.530438,0.918644,0.382081,0.00470236,-0.100428,0.999424,-0.0041833,-0.0320553,0.0103007,0.996926,-0.0470841,-0.0339033,-0.0526453,0.913471,-0.0806207,-0.0259944,-0.39799,
1607518474,-0.00907515,0.994872,0.0951169,-0.0331823,0.00182775,0.925281,0.379019,-0.0140048,0.000347922,0.999838,0.0132612,-0.0121308,-0.0465181,0.998449,-0.027474,-0.0134237,0.847542,-0.529669,-0.029844,0.0152225,0.724849,-0.681998,-0.0792547,0.0564883,0.7258,-0.684381,-0.0596644,0.0357313,0.796379,-0.582385,0.0646984,-0.14974,0.844574,0.535344,0.00974106,0.00261657,0.636107,0.500209,-0.366967,0.458796,0.617718,0.539311,-0.456123,0.345716,0.596778,0.565053,-0.435934,0.366787,0.92417,-0.368459,-0.0667399,-0.0754589,0.997928,0.0536302,-0.0325835,0.0141819,0.997089,-0.0441853,-0.0248824,0.0569467,-0.717713,-0.159852,-0.204601,0.646122,0.918793,0.381669,0.00492758,-0.100618,0.999436,-0.00317062,-0.031898,0.00999365,0.996718,-0.0499136,-0.0340681,-0.0538704,0.912067,-0.0842766,-0.0255558,-0.400472,
1607518475,-0.00896572,0.994864,0.0952627,-0.0330198,0.00219421,0.925288,0.379024,-0.0133558,0.00112235,0.999857,0.0128669,-0.0109589,-0.0448266,0.998434,-0.0310794,-0.0124245,0.847941,-0.529146,-0.0282268,0.0142903,0.724503,-0.682155,-0.0801638,0.0577384,0.722843,-0.687102,-0.0621584,0.039066,0.752655,-0.656008,-0.0516235,0.0223395,0.844887,0.534841,0.010117,0.0029636,0.633733,0.49875,-0.3698,0.461389,0.616991,0.536392,-0.460145,0.346225,0.596823,0.561367,-0.43713,0.370926,0.923962,-0.368955,-0.0666773,-0.0756271,0.99795,0.0533949,-0.0324223,0.0138864,0.998346,-0.0332764,-0.0281211,0.0375073,-0.740922,-0.17697,-0.187999,0.619977,0.918906,0.381374,0.00511206,-0.100694,0.999436,-0.00547022,-0.0317429,0.00944799,0.996957,-0.0465446,-0.0334256,-0.0528495,0.911313,-0.084903,-0.0277903,-0.401905,
1607518475,-0.0088256,0.994856,0.0953858,-0.0329564,0.00253714,0.925302,0.378998,-0.0130438,0.00152305,0.999866,0.0125604,-0.0103801,-0.0434385,0.998293,-0.037122,-0.0121063,0.848144,-0.528881,-0.0273123,0.0138351,0.724358,-0.682186,-0.0806396,0.0585183,0.721972,-0.687803,-0.0634,0.040784,0.750623,-0.654497,-0.075541,0.0499223,0.845051,0.53458,0.0101766,0.00312512,0.633482,0.497995,-0.370303,0.462144,0.617337,0.535108,-0.460496,0.347128,0.593456,0.563924,-0.455755,0.349409,0.923779,-0.369388,-0.0666904,-0.0757425,0.997965,0.0532039,-0.0323664,0.0136691,0.998887,0.0135532,-0.035698,-0.0276834,-0.816505,-0.200641,-0.0967366,0.532639,0.919007,0.381106,0.00520225,-0.100784,0.999431,-0.00720213,-0.0316924,0.00903871,0.997102,-0.0442905,-0.0330414,-0.0522857,0.910703,-0.0861642,-0.029717,-0.40288,
1607518475,-0.00866314,0.994848,0.0954758,-0.0329799,0.00289187,0.925327,0.37894,-0.0129157,0.00172393,0.999872,0.012297,-0.0101238,-0.04241,0.998144,-0.0420011,-0.0120465,0.848294,-0.528673,-0.026777,0.013645,0.7243,-0.682173,-0.080883,0.0590574,0.721771,-0.68789,-0.0640804,0.0418175,0.762424,-0.64088,-0.0752723,0.0481411,0.845256,0.534257,0.010061,0.00320478,0.630506,0.496273,-0.373464,0.465511,0.616616,0.531262,-0.464572,0.348881,0.588677,0.564243,-0.467757,0.341016,0.923623,-0.369754,-0.0667642,-0.0758016,0.997976,0.0530323,-0.0324015,0.0134983,0.997848,0.0272025,-0.0367291,-0.04701,-0.837369,-0.199796,-0.0696185,0.504031,0.919103,0.380848,0.00520281,-0.100878,0.99942,-0.00877507,-0.0317329,0.00865746,0.997209,-0.0423164,-0.0327949,-0.052034,0.909613,-0.0872516,-0.0314737,-0.404971,
1607518475,-0.0085107,0.994841,0.0955188,-0.0330898,0.00305022,0.925369,0.378839,-0.0127884,0.00182243,0.999881,0.0117546,-0.00983493,-0.0407062,0.997446,-0.0573783,-0.0123535,0.848305,-0.528656,-0.0264398,0.0142651,0.72435,-0.682076,-0.080801,0.0596756,0.721936,-0.687643,-0.0642761,0.0427142,0.75422,-0.648204,-0.0850772,0.0611987,0.845104,0.534489,0.0102156,0.00411449,0.631579,0.497057,-0.372379,0.464086,0.618104,0.53142,-0.462718,0.348472,0.588674,0.565583,-0.470351,0.335187,0.923495,-0.370052,-0.0668953,-0.0757879,0.997981,0.0528902,-0.032523,0.0133585,0.999128,-0.0195207,-0.0308968,0.0202038,-0.752242,-0.185672,-0.168514,0.609312,0.919174,0.380658,0.00511196,-0.100959,0.999401,-0.0106465,-0.0318548,0.00835737,0.99735,-0.0395744,-0.0325572,-0.0516452,0.908929,-0.087768,-0.033605,-0.406222,
1607518475,-0.00835394,0.99484,0.0954944,-0.0332209,0.00315883,0.925426,0.378701,-0.0127382,0.00176776,0.999891,0.010997,-0.00973334,-0.0391373,0.996864,-0.0676161,-0.0125726,0.848288,-0.528657,-0.026303,0.0154154,0.724499,-0.681891,-0.0804907,0.0603918,0.722197,-0.687324,-0.0641506,0.0436056,0.74823,-0.653898,-0.0893604,0.06771,0.844941,0.534734,0.0102459,0.00534444,0.636202,0.500134,-0.367517,0.458306,0.621267,0.535405,-0.455451,0.346313,0.59317,0.567313,-0.466874,0.329142,0.923401,-0.37028,-0.0670141,-0.0757094,0.997984,0.0527745,-0.0326687,0.0132621,0.998998,-0.0237601,-0.0306985,0.0222883,-0.757118,-0.191893,-0.174702,0.599524,0.919231,0.380515,0.00498145,-0.100985,0.99939,-0.0112828,-0.0320018,0.00825351,0.997386,-0.0387626,-0.0325897,-0.0515392,0.908639,-0.0891953,-0.0348903,-0.406451,
1607518476,-0.00817389,0.994846,0.0953566,-0.0334795,0.0031379,0.925462,0.378607,-0.0129165,0.00102485,0.999893,0.0101131,-0.0105572,-0.0366719,0.997187,-0.0640744,-0.012983,0.848516,-0.528237,-0.026588,0.0167073,0.724854,-0.681507,-0.0799379,0.0611906,0.722507,-0.686987,-0.0636752,0.0444804,0.744094,-0.65817,-0.0903082,0.0705732,0.84522,0.534312,0.00904729,0.00565846,0.63594,0.499472,-0.367382,0.459498,0.621063,0.534898,-0.455469,0.347438,0.593559,0.5663,-0.465787,0.331714,0.923364,-0.370386,-0.0671958,-0.0754885,0.997931,0.053898,-0.0329271,0.0119846,0.998986,-0.0259638,-0.0312024,0.0194724,-0.770568,-0.196777,-0.17123,0.581537,0.919253,0.380472,0.00470348,-0.100954,0.999376,-0.0118271,-0.0322795,0.00817092,0.997409,-0.0381051,-0.0327712,-0.0514808,0.908301,-0.0890471,-0.0354675,-0.407189,
1607518476,-0.0081611,0.994914,0.0944585,-0.0340042,0.0031903,0.926007,0.377266,-0.0130509,0.000913709,0.999928,-0.00582994,-0.0104756,-0.0432348,0.995515,-0.0829461,-0.0141353,0.847602,-0.529011,-0.0214161,0.0354922,0.722401,-0.682342,-0.0775222,0.0808416,0.723429,-0.686153,-0.052996,0.0551035,0.74174,-0.6608,-0.0801917,0.0820664,0.845046,0.534107,0.00406155,0.0246959,0.631005,0.488271,-0.372682,0.473847,0.613685,0.52867,-0.463592,0.359138,0.587222,0.559307,-0.470845,0.347348,0.92338,-0.370527,-0.0673484,-0.0744504,0.997906,0.0541596,-0.0334493,0.0114923,0.999238,0.00456441,-0.0357384,-0.0149903,-0.820044,-0.198697,-0.103492,0.526628,0.919273,0.380602,0.00389299,-0.100317,0.999352,-0.012265,-0.0328078,0.00824343,0.997433,-0.0369437,-0.0331871,-0.0515877,0.907835,-0.0877412,-0.0361057,-0.408452,
1607518476,-0.011239,0.996858,0.0709661,-0.0333347,-0.00368863,0.949878,0.312335,-0.0128301,-0.0144581,0.99781,-0.0635191,-0.011443,-0.0530147,0.991578,-0.117191,-0.0151323,0.84823,-0.523482,0.0122317,0.0795154,0.591397,-0.37463,0.398803,0.592333,0.539843,-0.454623,0.49027,0.511394,0.51716,-0.480255,0.5202,0.480929,0.844096,0.530936,-0.0300294,0.0686023,0.635183,0.455445,-0.352355,0.514741,0.614051,0.510529,-0.448061,0.401924,0.522021,0.612567,-0.470194,0.362179,0.923606,-0.37524,-0.0581909,-0.0525476,0.997908,0.0544246,-0.0327793,0.0119337,0.997559,0.0306742,-0.0372592,-0.0504721,0.86589,0.187566,0.0456484,-0.461486,0.917527,0.389868,-0.00381019,-0.078313,0.999365,-0.0122938,-0.0321012,0.00937204,0.997468,-0.0356351,-0.0323992,-0.0523263,0.908037,-0.0920526,-0.0384947,-0.406833,
1607518476,-0.0179845,0.999222,-0.00464599,-0.0347936,-0.023711,0.989387,0.142694,-0.0137654,-0.0205333,0.998096,-0.0558934,-0.0160844,-0.0779744,0.981885,-0.171112,-0.0232972,0.848537,-0.523868,0.0052996,0.0742927,0.700674,-0.667991,-0.139102,0.208551,0.7278,-0.682284,-0.00707974,0.0688831,0.738694,-0.667603,0.0861915,-0.0347761,0.848838,0.524403,-0.0300016,0.0597953,0.657614,0.442976,-0.325096,0.515393,0.616319,0.510948,-0.396624,0.449191,0.299273,0.709304,-0.612746,0.178511,0.927074,-0.373231,-0.0302247,0.0178509,0.997127,0.0583706,-0.0355648,0.0326412,0.99749,0.0291411,-0.041601,-0.0493403,0.860465,0.199357,0.0518425,-0.466014,0.912634,0.407267,-0.0338401,-0.00932859,0.998924,-0.00952754,-0.0334748,0.0306512,0.997603,-0.0338645,-0.0336815,-0.0500621,0.908593,-0.0913077,-0.0404001,-0.405574,
1607518476,-0.0198154,0.99897,0.00241568,-0.0407567,-0.0117344,0.994104,0.105952,-0.0198344,-0.0134438,0.999411,-0.0234764,-0.0211119,-0.0936526,0.973539,-0.205577,-0.0344738,0.847083,-0.528763,-0.0172152,0.0506297,0.607655,-0.418967,0.39514,0.546888,0.608854,-0.412913,0.381208,0.559892,0.338445,-0.563916,0.719867,0.221912,0.853275,0.520283,-0.0173506,0.0304345,0.723584,0.663929,0.154616,0.108246,0.723319,0.679996,-0.0481001,-0.110003,0.613769,0.756018,-0.125146,-0.189901,0.92762,-0.371288,-0.0384725,0.0136683,0.997101,0.0599433,-0.0411279,0.0224754,0.997487,0.0382499,-0.0387818,0.0453113,0.850951,0.241357,0.0686756,-0.461424,0.913923,0.403829,-0.0366666,-0.0179581,0.997812,-0.00862764,-0.0379893,0.0534232,0.999219,-0.010555,-0.0375402,0.00640549,0.910656,-0.0775525,-0.0531162,-0.402331,
1607518476,0.002795,0.997538,0.0224329,-0.0663797,0.00362223,0.990077,0.12521,-0.0636859,-0.00946666,0.997559,-0.00721723,-0.0688124,-0.075355,0.972933,-0.204607,-0.076549,0.845403,-0.522245,-0.0777071,0.0807255,0.787103,-0.57694,0.0751035,0.204863,0.756171,-0.623752,0.110798,0.163897,0.708752,-0.675932,0.173883,0.102723,0.866741,0.496926,-0.0408288,0.0125677,0.781573,0.540262,0.285836,-0.124735,0.679225,0.607797,0.0645623,-0.406285,0.359683,0.815416,0.0141391,-0.453349,0.922037,-0.380706,-0.0699294,0.00440283,0.990886,-0.00695495,-0.074002,-0.112338,0.993908,0.025816,-0.0681044,0.0827183,0.927954,-0.0946042,-0.105806,-0.34461,0.919003,0.387974,-0.0522982,-0.0466302,0.989903,0.0173582,-0.06737,0.123501,0.996683,0.0118211,-0.0685639,0.0422201,0.947351,0.161891,-0.0199713,-0.275532,
1607518477,0.0253952,0.995182,0.0285988,-0.0902771,0.030556,0.983801,0.136867,-0.111664,0.00726914,0.99361,-0.0127865,-0.111904,-0.0763221,0.962546,-0.228319,-0.124703,0.863032,-0.475714,-0.121789,0.118485,0.910611,-0.285581,-0.298446,0.0127368,0.890859,-0.344537,-0.227861,-0.189061,0.878613,-0.380002,-0.258777,-0.129124,0.885024,0.459152,-0.0745137,0.0189549,0.974009,0.199702,0.0940424,-0.0508173,0.862852,0.220731,0.00159686,-0.45471,0.860727,0.133463,-0.0484294,-0.488867,0.906874,-0.410624,-0.0942907,0.0087822,0.978067,-0.0910417,-0.0948097,-0.161578,0.97682,-0.081067,-0.091571,-0.175684,0.910327,-0.251212,-0.131288,-0.301596,0.921979,0.375482,-0.0712546,-0.062375,0.979221,0.0644637,-0.105513,0.160742,0.97542,0.0243934,-0.0945947,0.197514,0.892095,0.302228,0.0240153,-0.335033,
1607518477,0.0339294,0.996099,0.0249866,-0.0775288,0.0193402,0.987537,0.138252,-0.0726891,0.00717794,0.997858,-0.0181823,-0.0624219,-0.212805,0.889108,-0.378457,-0.144818,0.906563,-0.406843,-0.0703246,0.0876237,0.974219,-0.100821,0.176294,0.098249,0.945007,-0.0311698,0.200681,-0.256353,0.706568,-0.657538,-0.217562,-0.145164,0.893568,0.445681,-0.040158,0.0359423,0.986058,0.11126,-0.0970996,0.0767008,0.944729,0.0675588,-0.131312,-0.292711,0.943165,0.0232838,-0.144621,-0.298299,0.905534,-0.41638,-0.0811606,0.00692856,0.990623,-0.0744915,-0.0783612,-0.0835241,0.994632,0.0321205,-0.0739521,-0.0648519,0.950729,-0.16583,-0.124668,-0.230372,0.924068,0.373447,-0.0607047,-0.0543137,0.976259,0.113877,-0.144502,0.114323,0.947954,0.141136,-0.125856,0.256173,-0.813338,-0.0792419,0.134226,0.560523,
1607518477,-0.0154338,0.998484,0.0527872,0.00223145,0.0340348,0.992021,0.12138,0.0017766,0.058737,0.99766,-0.0261294,0.0232812,-0.280461,0.760733,-0.526265,-0.256266,0.873616,-0.485061,0.0220031,0.0320368,0.977326,-0.204294,-0.049362,0.0257127,0.952554,-0.210145,0.00343804,-0.220156,0.942276,-0.215758,0.0102218,-0.255853,0.910499,0.407507,0.0230963,0.0663121,0.974683,0.200821,-0.00744152,0.0980278,0.947818,0.185662,-0.0769033,-0.247499,0.953547,0.138935,-0.0899552,-0.2517,0.910745,-0.409575,-0.0203713,-0.0487491,0.999375,-0.03325,0.00377449,0.0113567,0.997025,0.0712438,0.00810328,-0.0282691,0.958203,-0.176827,-0.0628392,-0.215942,0.930306,0.362958,0.0205151,-0.0486888,0.988115,0.0493325,-0.0432493,-0.13901,0.981033,0.0965224,-0.00842769,0.167887,0.950913,0.0271486,-0.0693958,-0.300352,
1607518477,-0.014161,0.998429,0.0226765,0.049241,0.0270457,0.994819,0.0976887,0.00780519,0.0337717,0.999126,-0.0164679,0.0183224,-0.306467,0.791852,-0.482844,-0.214267,0.830997,-0.551738,-0.018241,0.0685379,0.946231,-0.314193,-0.0745583,-0.0192305,0.926324,-0.322564,-0.0151175,-0.194032,0.908307,-0.294349,0.0231933,-0.296309,0.809291,0.576825,0.0556969,0.0960107,0.954545,0.260394,0.050108,0.136119,0.950282,0.263211,-0.0321811,-0.163241,0.956579,0.196317,-0.0529733,-0.208832,0.913478,-0.40326,0.035309,-0.041136,0.995768,0.0100342,0.050338,0.0762304,0.994521,0.0842403,0.0471181,0.0401325,0.956235,0.0340719,-0.00186438,-0.290603,0.921613,0.384306,0.054142,-0.00274634,0.972271,0.00909966,0.0416986,-0.229931,0.975454,-0.080345,0.0237053,-0.203649,0.87127,-0.055322,0.0545595,-0.484615,
1607518477,0.0296542,0.998987,0.0338166,0.00168728,0.0291261,0.984092,0.174985,-0.00975636,0.0215015,0.999597,-0.00267414,-0.0183519,-0.270719,0.815703,-0.47409,-0.191258,0.740522,-0.655214,-0.0989892,0.111908,0.955629,-0.281706,-0.00735053,0.0857937,0.942037,-0.272733,0.070914,-0.182081,0.923659,-0.293465,0.0815889,-0.232541,0.775798,0.626001,0.0447489,0.0652592,0.953423,0.246602,0.0143959,0.173104,0.96901,0.245228,-0.0297186,0.000672384,0.987256,0.15562,-0.0316813,-0.0102298,0.90107,-0.43235,-0.0121757,-0.0315939,0.992676,0.0154118,-0.00830268,0.119535,0.980533,0.0662946,-0.0167301,0.184066,0.954383,-0.0364565,-0.0721997,-0.287423,0.921212,0.387584,0.0155685,-0.0300673,0.965461,-0.00315903,0.0152248,-0.260084,0.986527,-0.0314924,0.0104766,-0.160198,0.89798,-0.0291568,0.0181399,-0.438694,
1607518478,0.0417864,0.998913,0.0147546,0.0144712,0.0897603,0.993505,0.0650858,-0.0256027,0.109182,0.993196,-0.038049,-0.0138768,-0.2089,0.802376,-0.495312,-0.259268,0.756229,-0.618273,-0.108867,0.184403,0.986055,-0.160252,-0.0070148,-0.0443374,0.985467,-0.162771,-0.0210964,0.0437705,0.840656,-0.540395,0.0346691,-0.00828741,0.759046,0.607257,0.112675,0.205896,0.939531,0.176745,-0.260097,0.13562,0.947195,0.118799,-0.291163,-0.0627048,0.954797,0.0143759,-0.296341,0.0184141,0.867905,-0.4963,0.00606901,-0.0197554,0.989362,0.000341814,0.00114381,0.145471,0.978658,0.0115646,-0.00120489,0.205165,-0.857916,0.0918154,0.066906,0.501072,0.928018,0.371962,0.0192526,-0.00751334,0.967052,-0.0116283,0.0365334,-0.251675,0.992335,-0.0594749,0.0161933,-0.107106,0.203612,-0.0272086,-0.0324702,0.978135,
1607518478,0.0535996,0.989861,0.05237,-0.12066,0.122473,0.974181,0.167316,-0.0893178,0.0985482,0.990921,-0.0157727,-0.0900797,0.0146905,0.794959,-0.590092,-0.140056,-0.336305,0.929554,0.0984009,-0.114659,0.838206,-0.135298,0.424502,0.31449,0.892122,-0.0148677,0.445293,0.0749109,0.784333,-0.516615,0.246068,0.239544,0.40247,0.913545,0.0356986,-0.046678,-0.584351,-0.48381,0.646958,0.0768566,-0.504245,-0.183142,0.78682,0.305139,-0.491065,-0.160007,0.79005,0.330265,0.855386,-0.501012,-0.131246,0.00870896,0.988733,-0.0339159,-0.144067,-0.0223856,0.980378,0.03812,-0.138389,0.135112,0.87354,-0.0605679,-0.140128,-0.462195,0.917296,0.375854,-0.0865667,-0.0990331,0.987643,0.0156814,-0.155416,-0.0127309,0.947346,-0.13903,-0.122733,-0.261041,0.866756,-0.288095,-0.15935,-0.374623,
1607518478,0.0344502,0.981797,0.149749,-0.111635,-0.136558,0.922154,0.353666,-0.0768368,-0.216165,0.96339,0.10633,-0.117671,0.026472,0.981743,-0.188346,0.00241852,0.909678,-0.371427,-0.105704,-0.152823,0.949335,0.214553,0.130305,-0.189076,-0.541315,-0.244126,0.0584397,0.802474,-0.491755,-0.129652,0.2063,0.835947,0.770295,0.601872,-0.0940436,-0.188549,0.208711,0.780347,-0.584095,-0.0795749,-0.159026,-0.479232,0.84879,0.156853,-0.169714,-0.475734,0.851984,0.137829,0.906893,-0.377702,-0.157187,-0.100893,0.958383,0.119952,-0.0667418,-0.250316,0.497586,-0.018195,0.120583,0.8588,-0.821588,-0.0401999,0.04867,0.566576,0.862138,0.47099,-0.0196736,-0.185742,0.984761,-0.0590185,-0.08681,0.138657,-0.0336621,0.1215,0.114167,0.985429,0.955866,0.00556302,-0.167102,-0.24159,
1607518478,-0.025697,0.979875,0.189373,-0.0576453,-0.186909,0.866642,0.454095,-0.0882852,-0.288293,0.939553,0.0691408,-0.17131,0.00912795,0.979097,0.0376603,-0.199668,0.928957,-0.335416,-0.138213,-0.0737029,0.556902,0.614568,-0.53927,0.14613,-0.562473,-0.302315,0.759679,0.122956,-0.548531,-0.41588,0.71159,0.140702,0.731737,0.642142,-0.156738,-0.166279,0.228646,0.773828,-0.589204,-0.0418257,-0.18902,-0.44895,0.862795,0.135276,-0.199701,-0.431209,0.872415,0.114327,0.921469,-0.33423,-0.122874,-0.1552,0.946773,0.158724,-0.0195947,-0.279362,0.982235,0.0668949,-0.0502527,-0.167968,-0.797898,0.0603516,0.146716,0.581542,0.817459,0.540902,0.0514325,-0.191154,0.974961,-0.088938,-0.0242959,0.202362,-0.172859,0.0216157,-0.0895735,0.980627,0.988553,-0.107722,0.00237181,-0.105608,
1607518478,0.0373449,0.998509,0.0395778,0.00442636,-0.0291397,0.948441,0.295271,-0.111473,-0.0718254,0.979554,-0.0700431,-0.17438,-0.0978764,0.974597,0.093287,-0.178547,-0.585455,0.757829,0.132543,-0.255677,-0.342778,-0.338685,0.853221,-0.199524,-0.37333,-0.177988,0.900563,-0.133908,-0.33959,-0.378758,0.853962,-0.109411,0.657021,0.748593,-0.0889724,0.00399294,0.650032,-0.323868,-0.545647,-0.418136,-0.0380807,0.63222,0.0540251,0.771964,-0.0966326,0.607425,-0.129097,0.777837,0.924139,-0.379974,-0.00951802,-0.0386704,0.975327,0.0750788,0.0341129,-0.204784,0.988649,0.0670284,0.0391671,-0.128636,-0.825888,0.0990567,0.111986,0.54365,0.911888,0.408502,0.0214882,-0.0335299,0.977054,0.00380502,-0.0140531,0.212492,-0.406795,-0.200618,-0.449683,0.769452,0.930372,-0.0452893,0.296371,0.211,
1607518478,0,0,0,1,0,0,0,1,0,0,0,1,0,0,0,1,0,0,0,1,0,0,0,1,0,0,0,1,0,0,0,1,0,0,0,1,0,0,0,1,0,0,0,1,0,0,0,1,0,0,0,1,0,0,0,1,0,0,0,1,0,0,0,1,0,0,0,1,0,0,0,1,0,0,0,1,0,0,0,1,
1607518479,0,0,0,1,0,0,0,1,0,0,0,1,0,0,0,1,0,0,0,1,0,0,0,1,0,0,0,1,0,0,0,1,0,0,0,1,0,0,0,1,0,0,0,1,0,0,0,1,0,0,0,1,0,0,0,1,0,0,0,1,0,0,0,1,0,0,0,1,0,0,0,1,0,0,0,1,0,0,0,1,
1607518479,0,0,0,1,0,0,0,1,0,0,0,1,0,0,0,1,0,0,0,1,0,0,0,1,0,0,0,1,0,0,0,1,0,0,0,1,0,0,0,1,0,0,0,1,0,0,0,1,0,0,0,1,0,0,0,1,0,0,0,1,0,0,0,1,0,0,0,1,0,0,0,1,0,0,0,1,0,0,0,1,
1607518479,0,0,0,1,0,0,0,1,0,0,0,1,0,0,0,1,0,0,0,1,0,0,0,1,0,0,0,1,0,0,0,1,0,0,0,1,0,0,0,1,0,0,0,1,0,0,0,1,0,0,0,1,0,0,0,1,0,0,0,1,0,0,0,1,0,0,0,1,0,0,0,1,0,0,0,1,0,0,0,1,
1607518479,0,0,0,1,0,0,0,1,0,0,0,1,0,0,0,1,0,0,0,1,0,0,0,1,0,0,0,1,0,0,0,1,0,0,0,1,0,0,0,1,0,0,0,1,0,0,0,1,0,0,0,1,0,0,0,1,0,0,0,1,0,0,0,1,0,0,0,1,0,0,0,1,0,0,0,1,0,0,0,1,
1607518479,0,0,0,1,0,0,0,1,0,0,0,1,0,0,0,1,0,0,0,1,0,0,0,1,0,0,0,1,0,0,0,1,0,0,0,1,0,0,0,1,0,0,0,1,0,0,0,1,0,0,0,1,0,0,0,1,0,0,0,1,0,0,0,1,0,0,0,1,0,0,0,1,0,0,0,1,0,0,0,1,
1607518480,0,0,0,1,0,0,0,1,0,0,0,1,0,0,0,1,0,0,0,1,0,0,0,1,0,0,0,1,0,0,0,1,0,0,0,1,0,0,0,1,0,0,0,1,0,0,0,1,0,0,0,1,0,0,0,1,0,0,0,1,0,0,0,1,0,0,0,1,0,0,0,1,0,0,0,1,0,0,0,1,
1607518480,0,0,0,1,0,0,0,1,0,0,0,1,0,0,0,1,0,0,0,1,0,0,0,1,0,0,0,1,0,0,0,1,0,0,0,1,0,0,0,1,0,0,0,1,0,0,0,1,0,0,0,1,0,0,0,1,0,0,0,1,0,0,0,1,0,0,0,1,0,0,0,1,0,0,0,1,0,0,0,1,
1607518480,0,0,0,1,0,0,0,1,0,0,0,1,0,0,0,1,0,0,0,1,0,0,0,1,0,0,0,1,0,0,0,1,0,0,0,1,0,0,0,1,0,0,0,1,0,0,0,1,0,0,0,1,0,0,0,1,0,0,0,1,0,0,0,1,0,0,0,1,0,0,0,1,0,0,0,1,0,0,0,1,
1607518480,0,0,0,1,0,0,0,1,0,0,0,1,0,0,0,1,0,0,0,1,0,0,0,1,0,0,0,1,0,0,0,1,0,0,0,1,0,0,0,1,0,0,0,1,0,0,0,1,0,0,0,1,0,0,0,1,0,0,0,1,0,0,0,1,0,0,0,1,0,0,0,1,0,0,0,1,0,0,0,1,
1607518480,0,0,0,1,0,0,0,1,0,0,0,1,0,0,0,1,0,0,0,1,0,0,0,1,0,0,0,1,0,0,0,1,0,0,0,1,0,0,0,1,0,0,0,1,0,0,0,1,0,0,0,1,0,0,0,1,0,0,0,1,0,0,0,1,0,0,0,1,0,0,0,1,0,0,0,1,0,0,0,1,
1607518480,0,0,0,1,0,0,0,1,0,0,0,1,0,0,0,1,0,0,0,1,0,0,0,1,0,0,0,1,0,0,0,1,0,0,0,1,0,0,0,1,0,0,0,1,0,0,0,1,0,0,0,1,0,0,0,1,0,0,0,1,0,0,0,1,0,0,0,1,0,0,0,1,0,0,0,1,0,0,0,1,
